ADP,PLAYER,POS,TEAM,GP,TOI,G,A,P,+/-,SOG,HIT,BLK,PPP,GWG,SHO,W,SV%,GAA,SV,SA,TOTAL
1.1,Connor McDavid,C,EDM,79,22.1,0.53,0.99,1.52,0.34,3.83,0.90,0.33,0.55,0.07,,,(/),,,,17.66
2.3,Leon Draisaitl,"C,LW",EDM,81,22.2,0.57,0.75,1.32,0.30,3.21,0.53,0.25,0.44,0.08,,,(/),,,,13.66
3.1,Auston Matthews,C,TOR,77,20.5,0.82,0.55,1.36,0.26,4.64,0.92,0.74,0.44,0.07,,,(/),,,,16.97
4.5,Nathan MacKinnon,C,COL,72,21.0,0.53,0.82,1.35,0.25,3.97,0.73,0.40,0.40,0.06,,,(/),,,,13.21
5.5,Cale Makar,D,COL,74,24.1,0.24,0.73,0.97,0.41,2.36,1.00,0.94,0.35,0.05,,,(/),,,,8.45
7.0,Kirill Kaprizov,LW,MIN,80,18.7,0.64,0.70,1.34,0.24,3.91,0.67,0.30,0.50,0.03,,,(/),,,,12.76
8.0,Mikko Rantanen,"C,RW",COL,75,20.1,0.44,0.75,1.19,0.25,2.72,0.56,0.43,0.37,0.03,,,(/),,,,8.12
8.7,Andrei Vasilevskiy,G,TBL,60,60.0,,,,,,,,,,0.05,0.68,0.916 (26.6/29.0),2.31,26.56,29.00,2.11
8.9,Igor Shesterkin,G,NYR,55,60.0,,,,,,,,,,0.07,0.69,0.919 (25.7/28.0),1.74,25.73,28.00,3.78
9.4,Nikita Kucherov,RW,TBL,77,19.7,0.53,0.90,1.43,0.18,3.41,0.46,0.20,0.61,0.05,,,(/),,,,14.08
12.0,Jonathan Huberdeau,LW,CGY,80,18.9,0.40,0.90,1.30,0.21,2.66,0.84,0.33,0.38,0.05,,,(/),,,,9.90
12.9,Alex Ovechkin,LW,WSH,79,20.3,0.58,0.41,0.99,-0.04,3.87,1.94,0.35,0.30,0.04,,,(/),,,,7.87
13.6,Aleksander Barkov,C,FLO,80,20.8,0.48,0.66,1.14,0.21,3.11,0.44,0.54,0.29,0.04,,,(/),,,,7.67
14.5,Victor Hedman,D,TBL,78,24.6,0.21,0.69,0.90,0.27,2.51,1.18,1.56,0.37,0.04,,,(/),,,,8.23
16.3,Matthew Tkachuk,RW,FLO,80,18.0,0.39,0.63,1.01,0.24,2.79,1.37,0.20,0.27,0.04,,,(/),,,,6.46
17.2,Adam Fox,D,NYR,79,22.9,0.15,0.77,0.92,0.29,1.66,0.42,1.78,0.31,0.03,,,(/),,,,5.57
18.0,Mitch Marner,RW,TOR,75,21.0,0.41,0.88,1.29,0.20,2.76,0.56,0.48,0.51,0.04,,,(/),,,,10.62
18.7,Sidney Crosby,C,PIT,75,20.3,0.41,0.67,1.08,0.08,2.87,0.67,0.42,0.34,0.06,,,(/),,,,7.95
20.0,Johnny Gaudreau,LW,CBJ,81,18.8,0.37,0.72,1.09,0.23,2.80,0.10,0.13,0.27,0.06,,,(/),,,,6.39
20.5,Steven Stamkos,"C,LW",TBL,71,18.4,0.54,0.62,1.16,0.21,2.93,1.04,0.31,0.39,0.08,,,(/),,,,11.36
20.5,Roman Josi,D,NSH,76,25.2,0.22,0.76,0.99,0.14,3.35,0.68,1.50,0.41,0.02,,,(/),,,,7.98
21.9,J.T. Miller,"C,LW",VAN,78,19.7,0.40,0.76,1.15,0.08,2.51,1.83,0.48,0.46,0.05,,,(/),,,,9.99
23.7,Artemi Panarin,LW,NYR,73,19.8,0.38,0.93,1.32,0.33,2.33,0.27,0.21,0.35,0.05,,,(/),,,,9.33
24.9,David Pastrnak,RW,BOS,79,18.7,0.52,0.48,1.00,0.19,3.61,0.65,0.23,0.33,0.07,,,(/),,,,9.04
26.8,Chris Kreider,"LW,RW",NYR,75,17.7,0.56,0.35,0.91,0.14,2.40,1.75,0.55,0.27,0.07,,,(/),,,,7.42
28.6,Kyle Connor,LW,WPJ,80,20.2,0.60,0.58,1.18,0.00,3.92,0.43,0.26,0.24,0.07,,,(/),,,,8.73
28.9,Mika Zibanejad,C,NYR,77,20.2,0.43,0.55,0.97,0.16,2.67,1.09,0.65,0.30,0.05,,,(/),,,,6.80
30.1,Sebastian Aho,C,CAR,80,19.3,0.45,0.56,1.01,0.17,2.89,0.74,0.30,0.28,0.08,,,(/),,,,7.76
30.2,Ilya Sorokin,G,NYI,51,60.0,,,,,,,,,,0.10,0.57,0.924 (24.1/26.0),2.30,24.05,26.04,3.41
30.4,Jacob Markstrom,G,CGY,62,60.0,,,,,,,,,,0.06,0.60,0.915 (26.5/29.0),2.10,26.53,29.00,1.77
30.7,Gabriel Landeskog,"C,LW",COL,70,20.3,0.41,0.57,0.99,0.19,2.52,1.60,0.54,0.24,0.05,,,(/),,,,6.99
30.8,Brady Tkachuk,LW,OTT,79,18.3,0.37,0.53,0.90,-0.16,3.67,3.52,0.36,0.15,0.03,,,(/),,,,5.22
33.4,Jake Guentzel,LW,PIT,76,19.9,0.50,0.53,1.03,0.12,3.11,0.90,0.45,0.22,0.05,,,(/),,,,6.41
34.4,Aaron Ekblad,D,FLO,74,24.3,0.20,0.55,0.76,0.25,2.64,0.86,1.16,0.35,0.02,,,(/),,,,4.30
37.0,Timo Meier,"LW,RW",SJS,78,17.4,0.45,0.54,0.99,-0.13,3.88,1.91,0.65,0.15,0.05,,,(/),,,,6.30
37.6,Andrei Svechnikov,LW,CAR,79,16.9,0.39,0.62,1.01,0.13,3.00,2.09,0.25,0.22,0.04,,,(/),,,,6.69
38.8,John Carlson,D,WSH,78,24.2,0.19,0.65,0.85,0.09,2.27,0.86,1.54,0.31,0.03,,,(/),,,,4.69
40.2,Alex DeBrincat,LW,OTT,79,19.3,0.52,0.58,1.10,-0.08,3.45,1.06,0.33,0.27,0.04,,,(/),,,,6.65
41.6,Juuse Saros,G,NSH,60,60.0,,,,,,,,,,0.05,0.62,0.920 (27.5/29.9),2.01,27.47,29.87,3.07
41.7,Patrick Kane,RW,CHI,79,21.8,0.39,0.65,1.04,-0.09,3.35,0.20,0.25,0.33,0.03,,,(/),,,,4.14
42.8,Jack Eichel,C,VGK,71,20.4,0.39,0.61,1.00,-0.02,3.41,1.00,0.73,0.22,0.04,,,(/),,,,5.75
45.2,Moritz Seider,D,DET,82,23.0,0.10,0.56,0.66,-0.11,2.28,1.84,1.96,0.26,0.05,,,(/),,,,4.22
45.6,Jake Oettinger,G,DAL,55,60.0,,,,,,,,,,0.05,0.64,0.913 (25.6/28.0),2.45,25.58,28.00,0.68
46.9,Mark Stone,RW,VGK,68,19.1,0.32,0.63,0.96,0.22,1.89,0.65,0.69,0.20,0.03,,,(/),,,,3.49
47.7,Elias Lindholm,C,CGY,81,19.8,0.41,0.56,0.96,0.24,2.60,0.89,0.53,0.23,0.07,,,(/),,,,6.88
48.5,Jason Robertson,LW,DAL,80,16.3,0.46,0.56,1.03,0.14,2.89,0.38,0.18,0.14,0.06,,,(/),,,,4.62
50.6,Quinn Hughes,D,VAN,68,22.8,0.08,0.87,0.95,-0.10,1.61,0.20,0.62,0.47,0.01,,,(/),,,,1.43
51.9,Marc-Andre Fleury,G,MIN,57,60.0,,,,,,,,,,0.08,0.63,0.914 (25.6/28.0),2.00,25.59,28.00,2.02
52.1,Elias Pettersson,"C,LW",VAN,80,18.5,0.43,0.54,0.96,0.08,2.65,0.50,0.43,0.34,0.04,,,(/),,,,4.95
53.0,Vladimir Tarasenko,RW,STL,73,17.2,0.40,0.55,0.95,0.01,3.00,0.78,0.39,0.19,0.05,,,(/),,,,4.41
53.8,Frederik Andersen,G,CAR,50,60.0,,,,,,,,,,0.03,0.66,0.916 (26.6/29.0),2.29,26.56,29.00,1.32
54.1,Max Pacioretty,LW,CAR,29,17.7,0.41,0.52,0.93,0.45,3.21,0.76,0.66,0.24,0.11,,,(/),,,,11.39
54.8,Morgan Rielly,D,TOR,75,23.6,0.12,0.72,0.84,0.13,2.33,0.89,1.06,0.47,0.03,,,(/),,,,5.42
55.6,Claude Giroux,"C,RW",OTT,78,19.2,0.27,0.58,0.84,0.02,2.35,0.65,0.18,0.26,0.02,,,(/),,,,0.78
57.2,Thatcher Demko,G,VAN,62,60.0,,,,,,,,,,0.06,0.55,0.915 (27.4/30.0),2.34,27.44,30.00,1.41
57.7,Filip Forsberg,LW,FLO,71,18.0,0.46,0.58,1.04,0.02,2.89,1.20,0.44,0.37,0.06,,,(/),,,,7.87
59.6,Kris Letang,D,PIT,75,25.5,0.16,0.63,0.79,0.15,2.46,1.66,1.49,0.24,0.02,,,(/),,,,4.65
60.3,Sergei Bobrovsky,G,FLO,51,60.0,,,,,,,,,,0.05,0.65,0.911 (24.0/26.4),2.18,24.03,26.38,0.06
62.1,Evgeni Malkin,C,PIT,67,18.5,0.33,0.57,0.90,-0.01,2.60,0.44,0.30,0.30,0.06,,,(/),,,,3.78
63.0,Nikolaj Ehlers,"LW,RW",WPJ,75,17.0,0.44,0.55,0.99,0.21,3.41,0.45,0.29,0.12,0.04,,,(/),,,,4.23
63.2,Evander Kane,LW,EDM,74,19.5,0.45,0.47,0.92,0.05,3.26,1.78,0.27,0.12,0.04,,,(/),,,,4.35
63.4,Kevin Fiala,"LW,RW",LAK,78,16.6,0.45,0.60,1.05,0.10,3.06,0.48,0.24,0.32,0.05,,,(/),,,,6.37
64.6,William Nylander,"LW,RW",TOR,75,17.3,0.44,0.55,0.99,0.00,2.98,0.20,0.26,0.34,0.06,,,(/),,,,5.56
64.6,Darcy Kuemper,G,WSH,57,60.0,,,,,,,,,,0.07,0.54,0.913 (27.4/30.0),2.51,27.39,30.00,0.91
65.6,John Tavares,C,TOR,79,18.7,0.35,0.57,0.92,-0.03,2.75,0.94,0.48,0.39,0.04,,,(/),,,,5.04
65.6,Sam Reinhart,"C,RW",FLO,79,18.9,0.43,0.56,0.99,-0.07,2.65,0.45,0.40,0.36,0.04,,,(/),,,,4.25
65.9,Tristan Jarry,G,PIT,54,60.0,,,,,,,,,,0.03,0.59,0.913 (26.5/29.0),2.46,26.48,29.00,0.03
66.4,Evgeny Kuznetsov,C,WSH,75,18.5,0.28,0.56,0.84,0.05,2.42,0.48,0.28,0.25,0.03,,,(/),,,,1.34
66.8,Nazem Kadri,C,CGY,72,17.6,0.43,0.61,1.04,0.07,2.86,0.79,0.23,0.24,0.04,,,(/),,,,5.08
68.6,Devon Toews,D,COL,69,23.1,0.14,0.55,0.70,0.39,1.87,0.68,1.10,0.11,0.02,,,(/),,,,1.08
69.5,Pavel Buchnevich,"LW,RW",STL,74,17.5,0.38,0.62,1.00,0.18,2.70,0.80,0.30,0.18,0.03,,,(/),,,,3.96
74.5,Spencer Knight,G,FLO,31,60.0,,,,,,,,,,0.04,0.68,0.909 (21.3/23.5),2.58,21.33,23.48,-2.13
74.6,Jack Campbell,G,EDM,54,60.0,,,,,,,,,,0.05,0.57,0.918 (26.6/29.0),1.91,26.63,29.00,2.28
75.7,Jeremy Swayman,G,BOS,41,60.0,,,,,,,,,,0.06,0.61,0.919 (24.8/27.0),2.01,24.80,27.00,2.16
76.1,Connor Hellebuyck,G,WPJ,61,60.0,,,,,,,,,,0.05,0.51,0.912 (27.4/30.0),2.74,27.37,30.00,-0.43
76.8,Matt Duchene,RW,NSH,72,17.7,0.43,0.56,0.99,-0.06,2.54,0.47,0.34,0.35,0.04,,,(/),,,,3.97
79.0,Drew Doughty,D,LAK,78,26.1,0.14,0.53,0.67,-0.08,2.11,1.72,1.51,0.26,0.01,,,(/),,,,1.43
81.0,MacKenzie Weegar,D,CGY,70,20.9,0.11,0.54,0.66,0.33,2.22,2.30,1.83,0.03,0.02,,,(/),,,,2.92
81.1,Patrik Laine,"LW,RW",CBJ,73,18.2,0.53,0.48,1.01,-0.09,2.87,0.75,0.40,0.20,0.05,,,(/),,,,4.35
81.5,Rasmus Dahlin,D,BUF,78,21.9,0.15,0.49,0.64,-0.26,2.19,1.55,1.31,0.23,0.02,,,(/),,,,-0.14
82.7,Patrice Bergeron,C,BOS,72,18.4,0.37,0.46,0.84,0.35,3.18,0.79,0.62,0.28,0.05,,,(/),,,,6.96
83.8,Teuvo Teravainen,"LW,RW",CAR,80,17.6,0.26,0.50,0.76,0.20,2.36,0.21,0.29,0.25,0.02,,,(/),,,,0.20
85.6,Drake Batherson,RW,OTT,74,16.7,0.32,0.62,0.95,-0.10,2.80,1.64,0.26,0.15,0.02,,,(/),,,,1.70
85.7,Joe Pavelski,"C,RW",DAL,80,18.4,0.35,0.56,0.91,0.14,2.33,0.99,0.71,0.26,0.03,,,(/),,,,3.95
86.5,Shea Theodore,D,VGK,77,22.2,0.21,0.56,0.77,0.18,2.49,0.55,1.22,0.17,0.03,,,(/),,,,2.73
88.2,Alex Pietrangelo,D,VGK,78,24.5,0.19,0.40,0.59,0.15,2.60,0.65,2.10,0.16,0.02,,,(/),,,,1.72
89.2,Josh Norris,C,OTT,78,17.7,0.40,0.49,0.88,-0.08,2.60,1.09,0.58,0.18,0.04,,,(/),,,,2.88
95.3,Jack Hughes,C,NJD,75,18.5,0.45,0.61,1.07,-0.25,2.98,0.14,0.22,0.37,0.02,,,(/),,,,2.83
95.4,Noah Dobson,D,NYI,79,17.7,0.15,0.52,0.67,-0.02,2.24,0.90,1.61,0.14,0.02,,,(/),,,,0.38
95.5,Jordan Kyrou,"LW,RW",STL,77,13.8,0.35,0.55,0.90,0.05,2.36,0.08,0.18,0.10,0.02,,,(/),,,,-0.84
95.8,Bryan Rust,RW,PIT,71,18.7,0.35,0.44,0.79,0.14,2.64,0.95,0.47,0.19,0.03,,,(/),,,,2.03
98.1,Tim St√ºtzle,"C,LW",OTT,78,7.0,0.27,0.50,0.77,-0.10,1.89,1.36,0.58,0.24,0.00,,,(/),,,,-1.00
98.2,Miro Heiskanen,D,DAL,76,24.4,0.14,0.51,0.66,0.05,1.99,0.60,1.00,0.13,0.01,,,(/),,,,-1.87
98.5,Darnell Nurse,D,EDM,78,24.5,0.13,0.37,0.50,0.17,2.33,2.28,1.71,0.08,0.01,,,(/),,,,0.43
98.6,Zach Werenski,D,CBJ,66,24.4,0.18,0.61,0.79,-0.06,2.53,0.55,1.09,0.17,0.03,,,(/),,,,0.86
98.8,Brent Burns,D,CAR,81,25.8,0.13,0.52,0.65,-0.20,2.92,0.72,1.50,0.23,0.01,,,(/),,,,0.01
103.2,Alexandar Georgiev,G,COL,47,60.0,,,,,,,,,,0.09,0.62,0.911 (26.4/29.0),2.51,26.42,29.00,1.01
103.6,Dougie Hamilton,D,NJD,74,21.8,0.16,0.50,0.66,0.12,2.88,1.08,1.27,0.23,0.02,,,(/),,,,2.56
104.3,Torey Krug,D,STL,68,21.2,0.10,0.54,0.64,0.14,1.93,0.75,0.90,0.31,0.02,,,(/),,,,0.85
104.4,Evan Bouchard,D,EDM,76,16.6,0.14,0.38,0.53,0.05,2.64,1.03,1.47,0.05,0.01,,,(/),,,,-1.92
105.0,Mats Zuccarello,RW,MIN,75,17.7,0.32,0.68,1.00,0.08,2.16,0.39,0.45,0.32,0.02,,,(/),,,,3.02
105.4,Cam Talbot,G,OTT,49,60.0,,,,,,,,,,0.04,0.53,0.909 (27.3/30.0),2.54,27.27,30.00,-1.22
106.5,Jonathan Marchessault,"LW,RW",VGK,78,17.5,0.40,0.50,0.90,0.13,2.98,1.14,0.21,0.18,0.04,,,(/),,,,3.87
107.5,Jacob Trouba,D,NYR,72,22.2,0.11,0.43,0.54,0.08,2.10,2.58,2.14,0.08,0.01,,,(/),,,,1.45
108.0,Brayden Schenn,"C,LW",STL,74,18.5,0.32,0.45,0.77,0.11,1.76,1.63,0.35,0.20,0.04,,,(/),,,,2.02
111.6,Matt Boldy,"LW,RW",MIN,78,15.4,0.29,0.55,0.85,0.22,2.40,0.51,0.44,0.26,0.03,,,(/),,,,2.57
114.7,Thomas Chabot,D,OTT,68,25.3,0.16,0.62,0.78,-0.17,2.32,1.38,1.78,0.16,0.01,,,(/),,,,1.04
114.7,Cole Caufield,"LW,RW",MTL,71,15.5,0.39,0.44,0.83,-0.19,2.69,0.16,0.05,0.10,0.02,,,(/),,,,-2.22
116.2,Brad Marchand,LW,BOS,51,19.3,0.47,0.80,1.27,0.44,2.78,0.94,0.43,0.50,0.11,,,(/),,,,16.49
116.2,Ilya Samsonov,G,TOR,32,60.0,,,,,,,,,,0.06,0.59,0.906 (17.9/19.8),2.16,17.89,19.75,-2.99
116.4,Pierre-Luc Dubois,C,WPJ,77,17.4,0.38,0.40,0.78,-0.06,2.96,1.22,0.54,0.16,0.05,,,(/),,,,2.61
117.0,Brayden Point,C,TBL,75,19.0,0.37,0.45,0.82,0.13,2.45,0.91,0.39,0.26,0.05,,,(/),,,,3.92
118.0,Trevor Zegras,C,ANA,78,16.8,0.32,0.53,0.85,-0.12,2.51,0.74,0.42,0.12,0.04,,,(/),,,,0.27
118.8,Justin Faulk,D,STL,79,22.8,0.14,0.35,0.49,0.18,2.22,1.85,1.41,0.09,0.04,,,(/),,,,0.89
118.8,Logan Thompson,G,VGK,45,60.0,,,,,,,,,,0.01,0.56,0.914 (26.5/29.0),2.79,26.51,29.00,-0.95
121.2,Tony DeAngelo,D,PHI,76,19.1,0.11,0.43,0.54,0.15,2.19,0.62,0.84,0.16,0.02,,,(/),,,,-1.85
121.3,John Klingberg,D,ANA,72,22.8,0.11,0.57,0.68,-0.22,1.85,0.75,1.28,0.28,0.02,,,(/),,,,-0.72
122.5,Zach Hyman,"LW,RW",EDM,68,18.9,0.35,0.41,0.76,0.12,2.24,1.10,0.43,0.09,0.03,,,(/),,,,0.54
124.1,Jesper Bratt,RW,NJD,77,15.9,0.36,0.61,0.97,-0.03,2.54,0.40,0.31,0.15,0.03,,,(/),,,,1.62
125.6,Rasmus Andersson,D,CGY,76,20.4,0.05,0.41,0.46,0.07,1.54,0.93,1.91,0.12,0.00,,,(/),,,,-2.68
127.1,Ville Husso,G,DET,45,60.0,,,,,,,,,,0.07,0.53,0.913 (27.4/30.0),2.77,27.40,30.00,0.48
127.8,Anze Kopitar,C,LAK,81,21.2,0.30,0.60,0.90,-0.01,2.41,0.85,0.71,0.32,0.04,,,(/),,,,4.09
129.0,Anton Forsberg,G,OTT,30,60.0,,,,,,,,,,0.01,0.47,0.911 (26.4/29.0),2.68,26.42,29.00,-2.19
129.7,Seth Jones,D,CHI,76,25.6,0.12,0.50,0.62,-0.17,2.22,1.22,1.70,0.26,0.01,,,(/),,,,0.13
130.0,Robert Thomas,C,STL,76,15.6,0.24,0.72,0.96,0.13,1.51,0.14,0.24,0.10,0.03,,,(/),,,,-0.19
133.0,Mark Scheifele,C,WPJ,75,21.3,0.41,0.65,1.07,-0.06,2.07,0.56,0.71,0.25,0.04,,,(/),,,,4.29
133.6,Roope Hintz,C,DAL,74,16.8,0.42,0.53,0.95,0.14,2.65,0.98,0.46,0.24,0.05,,,(/),,,,5.62
135.6,Charlie McAvoy,D,BOS,48,23.7,0.10,0.71,0.81,0.53,1.59,2.42,2.25,0.21,0.05,,,(/),,,,9.40
136.4,Jared Spurgeon,D,MIN,72,22.3,0.13,0.51,0.64,0.13,1.58,0.94,1.68,0.29,0.02,,,(/),,,,1.57
136.9,Jordan Binnington,G,STL,48,60.0,,,,,,,,,,0.03,0.52,0.908 (27.2/30.0),2.65,27.24,30.00,-1.70
137.4,Radko Gudas,D,FLO,76,17.6,0.03,0.16,0.20,0.21,1.33,4.09,1.42,0.00,0.00,,,(/),,,,-2.88
137.8,Mikhail Sergachev,D,TBL,79,20.8,0.11,0.46,0.57,0.11,1.63,1.80,1.54,0.11,0.01,,,(/),,,,-0.62
141.1,Erik Karlsson,D,SJS,61,24.1,0.16,0.51,0.67,-0.26,2.10,0.52,1.33,0.20,0.02,,,(/),,,,-1.96
141.4,Tage Thompson,C,BUF,80,13.5,0.36,0.39,0.75,-0.10,2.74,0.89,0.35,0.08,0.02,,,(/),,,,-1.57
142.2,Sam Bennett,C,FLO,74,14.7,0.32,0.42,0.74,0.09,2.89,1.54,0.30,0.07,0.04,,,(/),,,,1.27
143.3,Clayton Keller,"LW,RW",ARI,77,18.1,0.42,0.58,1.00,-0.04,2.72,0.23,0.28,0.23,0.03,,,(/),,,,2.24
144.4,Dylan Larkin,C,DET,72,20.5,0.35,0.57,0.92,-0.24,3.18,0.86,0.43,0.16,0.03,,,(/),,,,1.28
145.0,Troy Terry,RW,ANA,67,15.4,0.45,0.36,0.81,-0.08,2.80,0.07,0.36,0.09,0.03,,,(/),,,,-0.54
146.5,Jeff Petry,D,PIT,76,22.8,0.13,0.36,0.49,-0.10,1.87,1.90,1.27,0.13,0.02,,,(/),,,,-1.73
147.3,Lucas Raymond,RW,DET,82,18.2,0.28,0.46,0.74,-0.39,2.24,0.76,0.29,0.22,0.02,,,(/),,,,-2.54
147.9,Linus Ullmark,G,BOS,36,60.0,,,,,,,,,,0.02,0.50,0.913 (26.5/29.0),2.14,26.48,29.00,-0.56
148.6,Brock Boeser,RW,VAN,72,18.8,0.43,0.44,0.88,-0.02,2.85,0.56,0.30,0.35,0.05,,,(/),,,,4.35
148.6,Ryan Nugent-Hopkins,"C,LW",EDM,71,20.0,0.31,0.44,0.75,0.01,2.25,0.56,0.50,0.31,0.02,,,(/),,,,0.91
149.4,Valeri Nichushkin,"LW,RW",COL,76,15.5,0.29,0.45,0.74,0.25,1.81,0.41,0.35,0.05,0.04,,,(/),,,,-0.79
150.3,Jakob Chychrun,D,ARI,62,22.4,0.23,0.50,0.73,-0.11,3.18,1.39,1.79,0.11,0.02,,,(/),,,,2.20
150.7,David Perron,RW,DET,72,17.7,0.32,0.43,0.75,0.07,2.54,0.93,0.24,0.32,0.04,,,(/),,,,2.63
151.1,Michael Bunting,LW,TOR,79,14.9,0.28,0.44,0.72,0.15,2.06,0.63,0.13,0.04,0.01,,,(/),,,,-2.83
152.5,Matt Murray,G,BUF,47,60.0,,,,,,,,,,0.06,0.60,0.912 (23.6/25.9),2.78,23.59,25.87,-0.74
152.6,Neal Pionk,D,WPJ,74,21.9,0.07,0.45,0.51,0.09,1.76,2.41,1.35,0.19,0.01,,,(/),,,,-0.08
153.4,Bo Horvat,C,VAN,76,19.8,0.34,0.41,0.75,-0.07,2.32,1.13,0.64,0.28,0.03,,,(/),,,,1.85
155.2,Pavel Francouz,G,COL,33,60.0,,,,,,,,,,0.09,0.61,0.918 (25.7/28.0),2.48,25.70,28.00,2.55
155.5,Tyson Barrie,D,EDM,77,20.8,0.12,0.51,0.62,-0.01,2.12,0.45,1.03,0.27,0.01,,,(/),,,,-1.45
155.6,Elvis Merzlikins,G,CBJ,54,60.0,,,,,,,,,,0.03,0.52,0.910 (28.2/31.0),2.27,28.20,31.00,-0.74
156.2,Ryan Hartman,C,MIN,79,15.1,0.35,0.43,0.78,0.15,1.90,0.88,0.55,0.05,0.04,,,(/),,,,0.50
156.4,Ryan O'Reilly,C,STL,80,20.2,0.26,0.49,0.75,0.16,2.08,0.29,0.45,0.21,0.03,,,(/),,,,0.12
157.0,Vince Dunn,D,SEA,72,18.8,0.11,0.43,0.54,-0.06,1.76,0.74,0.88,0.20,0.01,,,(/),,,,-3.30
157.3,Victor Olofsson,RW,BUF,68,17.0,0.35,0.31,0.66,-0.19,2.38,0.16,0.19,0.18,0.04,,,(/),,,,-1.98
157.4,Vincent Trocheck,C,NYR,72,18.2,0.33,0.57,0.90,0.04,2.18,2.07,0.75,0.19,0.03,,,(/),,,,3.74
157.4,Semyon Varlamov,G,NYI,31,60.0,,,,,,,,,,0.09,0.52,0.916 (25.7/28.1),2.09,25.70,28.06,2.01
158.2,Tomas Hertl,C,SJS,73,19.2,0.37,0.48,0.85,-0.12,2.44,0.93,0.65,0.17,0.05,,,(/),,,,2.09
158.4,Nick Suzuki,C,MTL,82,18.6,0.30,0.52,0.83,-0.24,1.81,0.93,0.57,0.20,0.03,,,(/),,,,-0.71
158.7,Mathew Barzal,C,NYI,77,18.6,0.29,0.66,0.95,0.01,2.29,0.35,0.35,0.20,0.02,,,(/),,,,0.76
158.7,Jaccob Slavin,D,CAR,78,23.2,0.06,0.34,0.40,0.35,1.80,0.60,1.68,0.05,0.01,,,(/),,,,-2.35
159.2,Anton Lundell,C,FLO,73,15.7,0.25,0.37,0.62,0.45,2.14,0.36,0.77,0.05,0.05,,,(/),,,,1.44
159.4,Adrian Kempe,"LW,RW",LAK,80,16.7,0.35,0.33,0.68,-0.10,2.64,1.28,0.28,0.15,0.04,,,(/),,,,0.14
159.5,Philipp Grubauer,G,SEA,43,60.0,,,,,,,,,,0.07,0.42,0.904 (28.0/31.0),3.06,28.03,31.00,-2.59
160.5,Andrew Mangiapane,"LW,RW",CGY,78,14.4,0.32,0.40,0.72,0.10,1.64,0.85,0.35,0.07,0.04,,,(/),,,,-0.79
160.7,Cam Atkinson,RW,PHI,71,18.5,0.32,0.37,0.69,-0.04,2.92,0.31,0.54,0.12,0.07,,,(/),,,,1.27
160.7,T.J. Oshie,"C,RW",WSH,65,18.0,0.28,0.34,0.62,-0.05,1.72,1.52,0.61,0.21,0.03,,,(/),,,,-0.74
161.2,Sean Couturier,C,PHI,59,20.3,0.39,0.58,0.97,0.11,2.38,0.78,0.47,0.17,0.04,,,(/),,,,3.69
161.4,Tanner Jeannot,RW,NSH,77,14.3,0.26,0.31,0.57,0.05,1.64,3.56,0.83,0.02,0.04,,,(/),,,,1.11
161.6,Travis Konecny,RW,PHI,77,16.5,0.27,0.44,0.71,-0.11,2.67,0.90,0.40,0.16,0.03,,,(/),,,,-0.51
161.9,Andre Burakovsky,"LW,RW",SEA,74,14.9,0.31,0.46,0.77,-0.01,2.12,0.55,0.42,0.18,0.05,,,(/),,,,0.80
161.9,Gustav Forsling,D,FLO,79,19.9,0.09,0.48,0.57,0.29,2.34,0.70,1.15,0.02,0.01,,,(/),,,,-1.97
162.2,Shayne Gostisbehere,D,ARI,68,20.4,0.15,0.50,0.65,-0.13,2.03,0.82,1.34,0.27,0.02,,,(/),,,,-0.21
162.4,Matt Dumba,D,MIN,74,22.8,0.12,0.42,0.54,0.03,2.01,1.28,1.06,0.09,0.01,,,(/),,,,-2.43
163.5,Tyler Seguin,"C,RW",DAL,72,18.5,0.36,0.47,0.83,-0.10,3.08,0.93,0.37,0.18,0.05,,,(/),,,,2.35
163.8,Taylor Hall,LW,BOS,72,18.0,0.32,0.47,0.79,-0.02,2.82,0.62,0.40,0.21,0.03,,,(/),,,,0.97
164.4,Anders Lee,LW,NYI,67,17.3,0.37,0.34,0.72,0.00,2.30,1.36,0.49,0.16,0.04,,,(/),,,,1.41
164.4,Tyler Bertuzzi,"LW,RW",DET,68,18.9,0.35,0.43,0.78,-0.17,2.41,0.78,0.41,0.14,0.04,,,(/),,,,-0.47
164.4,Nico Hischier,C,NJD,67,18.5,0.31,0.51,0.82,-0.11,2.25,0.60,0.56,0.13,0.02,,,(/),,,,-0.67
164.4,Frank Vatrano,"LW,RW",ANA,75,13.9,0.28,0.25,0.53,0.01,2.14,1.43,0.61,0.04,0.03,,,(/),,,,-2.49
164.7,Joel Eriksson Ek,C,MIN,74,16.5,0.28,0.35,0.64,0.16,2.41,1.74,0.57,0.09,0.03,,,(/),,,,0.50
164.9,Tyler Toffoli,"LW,RW",CGY,77,17.4,0.40,0.42,0.82,-0.02,3.11,0.91,0.24,0.15,0.03,,,(/),,,,1.47
165.0,Brock Nelson,C,NYI,77,17.8,0.40,0.32,0.73,-0.02,2.05,0.52,0.53,0.14,0.04,,,(/),,,,-0.16
165.0,Alex Tuch,RW,BUF,62,16.8,0.23,0.33,0.55,0.00,2.25,0.89,0.61,0.11,0.02,,,(/),,,,-2.51
165.1,Artturi Lehkonen,"LW,RW",COL,74,14.9,0.26,0.35,0.61,0.00,1.82,1.28,0.45,0.02,0.03,,,(/),,,,-2.96
165.5,Ivan Provorov,D,PHI,80,24.9,0.10,0.31,0.41,-0.01,1.91,1.03,1.81,0.11,0.02,,,(/),,,,-2.53
165.9,Jakub Voracek,"LW,RW",CBJ,78,17.5,0.14,0.60,0.74,-0.03,1.88,0.27,0.32,0.24,0.02,,,(/),,,,-1.75
165.9,Anthony Mantha,"LW,RW",WSH,68,17.2,0.31,0.38,0.69,-0.07,2.24,0.90,0.38,0.09,0.01,,,(/),,,,-2.72
166.1,Oliver Bjorkstrand,RW,SEA,75,16.9,0.33,0.45,0.79,-0.17,2.82,0.95,0.51,0.21,0.02,,,(/),,,,0.35
166.2,Casey DeSmith,G,PIT,27,60.0,,,,,,,,,,0.10,0.40,0.906 (27.2/30.0),2.94,27.18,30.00,-1.76
166.3,Tom Wilson,RW,WSH,29,17.7,0.41,0.52,0.93,0.15,1.75,3.48,0.62,0.26,0.11,,,(/),,,,11.33
166.4,Jakub Vrana,LW,DET,74,14.7,0.35,0.45,0.80,0.02,2.23,0.36,0.18,0.09,0.04,,,(/),,,,-0.80
167.0,Eric Comrie,G,BUF,22,60.0,,,,,,,,,,0.02,0.36,0.917 (28.4/31.0),2.66,28.42,31.00,-0.72
167.0,Colton Parayko,D,STL,72,22.7,0.09,0.47,0.56,0.10,1.87,1.05,1.96,0.04,0.02,,,(/),,,,-0.89
167.1,Blake Wheeler,RW,WPJ,73,19.4,0.29,0.56,0.85,-0.11,2.32,0.93,0.58,0.30,0.02,,,(/),,,,1.59
167.1,Boone Jenner,C,CBJ,74,18.6,0.31,0.51,0.82,-0.14,2.17,1.40,0.86,0.07,0.03,,,(/),,,,0.08
167.3,Josh Morrissey,D,WPJ,76,23.1,0.14,0.39,0.54,0.00,1.74,1.62,1.42,0.15,0.02,,,(/),,,,-0.99
167.9,Jake DeBrusk,"LW,RW",BOS,70,15.3,0.31,0.34,0.66,0.04,2.26,0.67,0.31,0.09,0.06,,,(/),,,,0.14
168.6,Anthony Duclair,RW,FLO,24,15.0,0.33,0.46,0.79,0.48,2.25,0.71,0.38,0.21,0.11,,,(/),,,,7.75
168.9,Anthony Stolarz,G,ANA,27,60.0,,,,,,,,,,0.05,0.48,0.912 (26.5/29.1),2.78,26.49,29.05,-0.84
169.0,Jared McCann,"C,LW",SEA,71,15.0,0.34,0.49,0.83,-0.02,2.53,0.89,0.40,0.18,0.02,,,(/),,,,0.85
169.0,Seth Jarvis,"LW,RW",CAR,78,13.9,0.23,0.41,0.64,0.14,2.10,0.92,0.27,0.08,0.05,,,(/),,,,-0.47
169.0,Nino Niederreiter,LW,NSH,77,15.3,0.26,0.35,0.61,0.19,1.92,1.10,0.23,0.10,0.04,,,(/),,,,-1.09
169.0,Mark Giordano,D,TOR,76,22.7,0.09,0.37,0.46,-0.01,2.00,0.80,1.78,0.16,0.01,,,(/),,,,-2.12
169.2,Rickard Rakell,"LW,RW",PIT,73,18.1,0.29,0.42,0.71,-0.07,2.65,1.25,0.56,0.13,0.02,,,(/),,,,-0.46
169.2,Ryan Johansen,C,NSH,76,17.3,0.21,0.46,0.67,-0.02,1.36,0.81,0.37,0.24,0.04,,,(/),,,,-0.76
169.4,Alex Killorn,"LW,RW",TBL,81,17.7,0.30,0.48,0.78,0.10,1.90,1.00,0.26,0.14,0.03,,,(/),,,,-0.13
169.6,Logan Couture,C,SJS,74,18.9,0.29,0.36,0.65,-0.09,2.20,0.92,0.68,0.17,0.03,,,(/),,,,-0.63
170.3,Nick Schmaltz,"C,RW",ARI,76,17.3,0.34,0.51,0.86,0.01,1.97,0.17,0.42,0.24,0.03,,,(/),,,,0.53
170.3,Dmitry Orlov,D,WSH,77,21.1,0.10,0.27,0.37,0.19,1.39,1.58,1.14,0.04,0.02,,,(/),,,,-3.11
170.5,Erik Johnson,D,COL,55,18.2,0.09,0.22,0.31,0.20,1.78,2.00,1.78,0.01,0.02,,,(/),,,,-2.31
170.7,Mikael Granlund,C,NSH,76,19.3,0.20,0.54,0.74,-0.05,1.61,0.79,0.60,0.21,0.03,,,(/),,,,-0.49
171.0,Sean Durzi,D,LAK,64,19.6,0.06,0.39,0.45,-0.14,1.86,1.23,1.94,0.16,0.00,,,(/),,,,-2.96
171.6,Jamie Benn,"C,LW",DAL,79,17.4,0.19,0.30,0.49,-0.01,2.12,1.63,0.66,0.15,0.03,,,(/),,,,-1.69
171.8,Marcus Foligno,"LW,RW",MIN,69,14.7,0.21,0.23,0.43,0.23,1.13,3.01,0.61,0.04,0.02,,,(/),,,,-1.94
171.9,Ondrej Palat,LW,NJD,75,16.5,0.21,0.40,0.61,0.20,1.79,1.49,0.61,0.14,0.03,,,(/),,,,-0.06
172.1,Vitek Vanecek,G,NJD,43,60.0,,,,,,,,,,0.07,0.51,0.908 (28.9/31.9),2.68,28.93,31.87,-0.32
172.5,Andrew Copp,"C,RW",DET,74,17.3,0.24,0.39,0.64,0.08,2.47,0.82,0.51,0.09,0.04,,,(/),,,,-0.57
172.7,Kaapo Kahkonen,G,SJS,44,60.0,,,,,,,,,,0.02,0.43,0.909 (27.3/30.0),2.87,27.27,30.00,-2.86
173.4,Ryan Pulock,D,NYI,71,21.7,0.09,0.37,0.45,0.09,2.00,1.66,2.08,0.08,0.01,,,(/),,,,-0.56
173.8,Chandler Stephenson,"C,RW",VGK,74,16.5,0.24,0.53,0.77,0.22,1.16,0.84,0.50,0.09,0.03,,,(/),,,,-0.71
173.8,Blake Coleman,"LW,RW",CGY,79,15.6,0.23,0.20,0.43,0.12,2.30,2.10,0.49,0.02,0.02,,,(/),,,,-2.51
174.1,Jeff Skinner,LW,BUF,77,16.5,0.34,0.40,0.74,-0.22,2.90,0.35,0.22,0.09,0.03,,,(/),,,,-1.99
174.8,Conor Garland,"LW,RW",VAN,71,15.8,0.27,0.49,0.76,0.08,2.77,0.51,0.28,0.17,0.03,,,(/),,,,0.70
175.7,Carter Verhaeghe,LW,FLO,68,14.9,0.34,0.53,0.87,0.21,2.08,0.57,0.20,0.03,0.03,,,(/),,,,0.15
176.7,Stuart Skinner,G,EDM,28,60.0,,,,,,,,,,0.02,0.64,0.909 (26.4/29.0),3.69,26.37,29.00,-2.41
177.9,John Gibson,G,ANA,53,60.0,,,,,,,,,,0.03,0.34,0.908 (28.1/31.0),3.08,28.14,30.99,-3.38
178.4,Ivan Barbashev,"C,LW",STL,71,14.1,0.20,0.32,0.53,0.05,1.64,1.99,0.36,0.05,0.02,,,(/),,,,-3.33
182.0,Antti Raanta,G,CAR,26,60.0,,,,,,,,,,0.03,0.58,0.909 (28.2/31.0),2.38,28.19,31.00,-0.60
183.3,Viktor Arvidsson,"LW,RW",LAK,73,17.1,0.27,0.47,0.74,0.04,2.78,0.29,0.47,0.08,0.03,,,(/),,,,-0.47
183.8,James Reimer,G,SJS,38,60.0,,,,,,,,,,0.01,0.42,0.911 (27.3/30.0),2.29,27.33,30.00,-1.89
183.9,Alex Nedeljkovic,G,DET,35,60.0,,,,,,,,,,0.06,0.46,0.908 (26.3/29.0),2.94,26.33,29.00,-2.05
,Nicklas Backstrom,C,WSH,26,18.6,0.15,0.81,0.96,-0.10,1.59,1.06,1.11,0.36,0.05,,,(/),,,,4.75
,Noah Cates,LW,PHI,16,13.3,0.31,0.75,1.06,0.25,1.44,1.31,0.38,0.06,0.06,,,(/),,,,4.49
,Anthony Cirelli,"C,LW",TBL,42,17.4,0.19,0.33,0.52,0.36,1.89,1.75,1.12,0.12,0.07,,,(/),,,,3.75
,Ryan Ellis,D,PHI,33,23.4,0.12,0.51,0.63,0.24,1.80,0.80,1.92,0.14,0.03,,,(/),,,,1.88
,Jonathan Bernier,G,NJD,5,60.0,,,,,,,,,,0.04,0.40,0.908 (36.2/39.9),2.45,36.22,39.90,0.44
,Chris Driedger,G,SEA,9,60.0,,,,,,,,,,0.16,0.33,0.910 (25.6/28.1),2.99,25.58,28.10,0.00
,Louis Domingue,G,NYR,5,60.0,,,,,,,,,,0.00,0.60,0.913 (27.4/30.0),2.08,27.38,30.00,-0.18
,Reilly Smith,RW,VGK,70,17.9,0.30,0.32,0.62,0.17,2.16,0.80,0.36,0.11,0.04,,,(/),,,,-0.26
,Ryan Strome,C,ANA,78,18.0,0.26,0.44,0.69,0.17,1.84,0.53,0.30,0.18,0.04,,,(/),,,,-0.36
,Keith Kinkaid,G,BOS,5,60.0,,,,,,,,,,0.17,0.60,0.894 (25.9/29.0),2.03,25.93,29.00,-0.42
,Jordan Greenway,LW,MIN,74,14.5,0.20,0.42,0.62,0.14,1.98,2.41,0.43,0.02,0.02,,,(/),,,,-1.22
,Mike Hoffman,"LW,RW",MTL,74,16.7,0.29,0.33,0.62,-0.14,2.37,0.42,0.31,0.26,0.04,,,(/),,,,-1.29
,Phillip Danault,C,LAK,77,17.8,0.27,0.34,0.62,0.17,2.17,1.11,0.54,0.04,0.03,,,(/),,,,-1.31
,Brandon Tanev,"LW,RW",SEA,69,14.4,0.23,0.28,0.51,0.07,1.51,2.99,0.63,0.01,0.03,,,(/),,,,-1.34
,Jonathan Toews,C,CHI,75,19.0,0.25,0.45,0.70,-0.10,2.21,0.50,0.40,0.14,0.04,,,(/),,,,-1.52
,Mario Ferraro,D,SJS,71,21.0,0.07,0.37,0.44,-0.15,1.30,2.42,2.27,0.14,0.01,,,(/),,,,-1.53
,Kyle Palmieri,RW,NYI,71,16.6,0.25,0.24,0.50,-0.04,2.19,1.15,0.34,0.16,0.05,,,(/),,,,-1.55
,Jaroslav Halak,G,NYR,22,60.0,,,,,,,,,,0.05,0.59,0.904 (26.2/29.0),2.12,26.22,29.00,-1.56
,Daniil Tarasov,G,CBJ,5,60.0,,,,,,,,,,0.00,0.40,0.908 (32.7/36.0),2.40,32.69,36.00,-1.59
,Mackenzie Blackwood,G,NJD,30,60.0,,,,,,,,,,0.04,0.47,0.901 (33.5/37.2),2.46,33.53,37.20,-1.79
,Lawson Crouse,"LW,RW",ARI,77,14.8,0.29,0.22,0.51,-0.08,2.06,2.57,0.60,0.04,0.03,,,(/),,,,-1.97
,Ondrej Kase,RW,CAR,39,13.3,0.23,0.38,0.61,0.01,2.36,0.67,0.45,0.10,0.03,,,(/),,,,-2.01
,Andreas Athanasiou,"LW,RW",CHI,55,15.5,0.35,0.36,0.71,-0.28,2.04,0.36,0.32,0.22,0.04,,,(/),,,,-2.04
,Jean-Gabriel Pageau,C,NYI,78,17.7,0.23,0.28,0.51,0.04,1.58,1.99,0.78,0.09,0.02,,,(/),,,,-2.11
,Fabian Zetterlund,RW,NJD,14,13.4,0.21,0.36,0.57,0.36,2.57,1.14,0.50,0.00,0.00,,,(/),,,,-2.22
,Brendan Gallagher,RW,MTL,62,15.7,0.27,0.26,0.54,0.04,2.90,1.03,0.41,0.10,0.02,,,(/),,,,-2.22
,Mark Kastelic,C,OTT,11,9.2,0.09,0.09,0.18,-0.09,0.69,3.45,0.91,0.00,0.09,,,(/),,,,-2.26
,Patric Hornqvist,RW,FLO,64,15.1,0.24,0.27,0.51,0.01,2.24,1.71,0.48,0.16,0.01,,,(/),,,,-2.29
,William Karlsson,"C,LW",VGK,75,18.6,0.22,0.41,0.64,0.17,1.83,0.53,0.53,0.10,0.02,,,(/),,,,-2.32
,Laurent Brossoit,G,VGK,31,60.0,,,,,,,,,,0.03,0.45,0.909 (27.3/30.0),2.89,27.28,30.00,-2.35
,Erik Cernak,D,TBL,72,19.3,0.07,0.33,0.40,0.12,1.87,2.63,1.40,0.00,0.01,,,(/),,,,-2.46
,Scott Wedgewood,G,DAL,27,60.0,,,,,,,,,,0.05,0.48,0.907 (26.3/29.0),3.13,26.31,29.00,-2.47
,Spencer Martin,G,VAN,17,60.0,,,,,,,,,,0.00,0.53,0.911 (27.3/30.0),3.24,27.33,30.00,-2.51
,Jordan Staal,C,CAR,74,17.7,0.23,0.31,0.54,0.07,1.73,2.23,0.38,0.08,0.01,,,(/),,,,-2.56
,Adin Hill,G,SJS,24,60.0,,,,,,,,,,0.06,0.42,0.908 (27.2/30.0),3.21,27.23,30.00,-2.58
,Matt Grzelcyk,D,BOS,58,18.8,0.07,0.38,0.45,0.29,1.89,0.67,1.05,0.10,0.01,,,(/),,,,-2.59
,Rasmus Ristolainen,D,PHI,72,22.7,0.06,0.29,0.35,-0.14,1.58,3.21,1.65,0.11,0.00,,,(/),,,,-2.59
,Alexander Edler,D,LAK,59,21.1,0.06,0.31,0.37,0.12,1.64,1.37,1.71,0.08,0.02,,,(/),,,,-2.64
,Sebastian Aho - D,D,NYI,36,0.0,0.08,0.50,0.58,0.22,1.10,0.89,1.89,0.00,0.00,,,(/),,,,-2.69
,Ilya Mikheyev,"LW,RW",VAN,74,15.0,0.26,0.34,0.59,0.15,2.33,0.60,0.27,0.03,0.03,,,(/),,,,-2.78
,Ross Colton,"C,LW",TBL,78,15.0,0.27,0.23,0.50,0.05,2.20,1.55,0.33,0.04,0.03,,,(/),,,,-2.87
,Gregory Hofmann,,,24,12.5,0.08,0.21,0.29,0.25,1.38,0.96,0.42,0.00,0.08,,,(/),,,,-2.91
,Craig Smith,RW,BOS,77,14.5,0.22,0.29,0.50,0.18,2.48,0.98,0.29,0.08,0.01,,,(/),,,,-2.92
,Jaden Schwartz,LW,SEA,65,18.2,0.23,0.38,0.62,-0.03,2.30,0.74,0.35,0.12,0.02,,,(/),,,,-2.97
,Josh Anderson,RW,MTL,70,16.8,0.30,0.30,0.60,-0.20,2.17,1.96,0.40,0.04,0.02,,,(/),,,,-2.98
,Jesse Puljujarvi,RW,EDM,67,14.9,0.22,0.39,0.61,0.17,1.87,1.20,0.29,0.07,0.01,,,(/),,,,-2.98
,Yanni Gourde,C,SEA,78,16.7,0.23,0.35,0.58,-0.01,1.57,0.89,0.34,0.09,0.04,,,(/),,,,-3.04
,Anthony Beauvillier,"LW,RW",NYI,74,16.4,0.21,0.42,0.63,-0.04,1.84,0.89,0.50,0.09,0.02,,,(/),,,,-3.09
,Thomas Greiss,G,STL,30,60.0,,,,,,,,,,0.03,0.50,0.904 (27.1/30.0),2.80,27.12,30.00,-3.11
,Jake Muzzin,D,TOR,64,21.3,0.08,0.30,0.38,0.13,1.58,1.91,1.46,0.03,0.01,,,(/),,,,-3.14
,Sean Monahan,C,MTL,72,16.8,0.18,0.33,0.51,-0.16,1.92,0.73,0.30,0.20,0.04,,,(/),,,,-3.21
,Martin Necas,RW,CAR,76,14.6,0.15,0.33,0.48,0.08,2.14,0.64,0.25,0.08,0.04,,,(/),,,,-3.27
,Gustav Nyquist,"LW,RW",CBJ,81,17.8,0.22,0.39,0.62,-0.05,1.89,0.68,0.47,0.12,0.02,,,(/),,,,-3.30
,Nick Blankenburg,,CBJ,35,17.6,0.11,0.26,0.37,-0.09,1.86,1.83,1.37,0.03,0.03,,,(/),,,,-3.31
,Daniel Vladar,G,CGY,20,60.0,,,,,,,,,,0.06,0.55,0.903 (23.5/26.0),2.85,23.48,26.00,-3.39
,Kevin Hayes,C,PHI,67,17.8,0.23,0.39,0.62,-0.14,2.14,0.84,0.25,0.11,0.03,,,(/),,,,-3.41
,Richard Panik,"LW,RW",NYI,11,13.8,0.00,0.27,0.27,0.25,1.20,1.73,0.55,0.12,0.04,,,(/),,,,-3.41
,Kiefer Sherwood,RW,NSH,10,10.1,0.00,0.23,0.23,0.13,1.01,3.21,0.67,0.00,0.05,,,(/),,,,-3.41
,Brian Elliott,G,TBL,21,60.0,,,,,,,,,,0.05,0.49,0.902 (27.1/30.0),2.84,27.05,30.00,-3.42
,Jeff Carter,C,PIT,75,17.3,0.22,0.28,0.50,-0.11,2.40,0.93,0.45,0.09,0.03,,,(/),,,,-3.47
,Philip Tomasino,RW,NSH,76,11.5,0.18,0.34,0.53,0.03,1.46,0.64,0.37,0.12,0.04,,,(/),,,,-3.47
,Adam Henrique,"C,LW",ANA,74,16.8,0.31,0.25,0.56,-0.04,2.11,0.53,0.60,0.12,0.02,,,(/),,,,-3.47
,Jonas Brodin,D,MIN,76,22.3,0.07,0.33,0.40,0.13,1.80,0.67,1.82,0.04,0.01,,,(/),,,,-3.48
,Evgenii Dadonov,"LW,RW",MTL,79,16.5,0.22,0.32,0.53,-0.03,1.96,0.55,0.35,0.12,0.03,,,(/),,,,-3.52
,Garnet Hathaway,RW,WSH,76,12.1,0.14,0.16,0.30,0.14,1.17,3.04,0.67,0.00,0.03,,,(/),,,,-3.56
,Alex Newhook,"C,LW",COL,76,13.6,0.21,0.36,0.57,0.11,1.53,0.59,0.27,0.04,0.04,,,(/),,,,-3.65