source,fetched_at,team,position,name,goals,assists,plus_minus,powerplay_points,shots_on_goal,hits,blocks,wins,saves,save_percentage,goals_against_average,shutouts
CBS,2021-01-07 08:20:41.125491,EDM,C,Connor McDavid,35.63,57.94,-0.39,18.15,177.9,,,,,,,
CBS,2021-01-07 08:20:41.125491,EDM,C,Leon Draisaitl,38.43,54.84,0.13,16.61,163.88,,,,,,,
CBS,2021-01-07 08:20:41.125491,NYR,C,Mika Zibanejad,43.12,32.82,8.82,14.55,198.87,,,,,,,
CBS,2021-01-07 08:20:41.125491,COL,C,Nathan MacKinnon,31.1,49.68,3.11,16.39,286.68,,,,,,,
CBS,2021-01-07 08:20:41.125491,PIT,C,Evgeni Malkin,24.28,46.62,-0.69,14.14,187.8,,,,,,,
CBS,2021-01-07 08:20:41.125491,TOR,C,Auston Matthews,38.5,27.92,9.74,12.8,246.95,,,,,,,
CBS,2021-01-07 08:20:41.125491,PIT,C,Sidney Crosby,23.43,41.36,-5.04,13.62,157.96,,,,,,,
CBS,2021-01-07 08:20:41.125491,VAN,C,J.T. Miller,22.46,35.3,4.23,10.17,110.63,,,,,,,
CBS,2021-01-07 08:20:41.125491,TB,C,Steven Stamkos,25.94,33.0,0.21,11.21,174.91,,,,,,,
CBS,2021-01-07 08:20:41.125491,BUF,C,Jack Eichel,26.19,29.85,0.83,12.07,165.04,,,,,,,
CBS,2021-01-07 08:20:41.125491,CAR,LW,Sebastian Aho,31.01,26.3,-3.34,8.59,174.52,,,,,,,
CBS,2021-01-07 08:20:41.125491,VAN,C,Elias Pettersson,24.01,31.73,5.57,10.48,114.4,,,,,,,
CBS,2021-01-07 08:20:41.125491,EDM,C,Ryan Nugent-Hopkins,21.23,36.83,-1.13,10.79,152.83,,,,,,,
CBS,2021-01-07 08:20:41.125491,TB,C,Brayden Point,25.4,34.26,0.21,7.45,139.37,,,,,,,
CBS,2021-01-07 08:20:41.125491,TOR,C,John Tavares,24.06,28.85,-1.46,10.9,192.34,,,,,,,
CBS,2021-01-07 08:20:41.125491,COL,C,Nazem Kadri,23.57,20.88,3.11,9.03,178.42,,,,,,,
CBS,2021-01-07 08:20:41.125491,BOS,C,Patrice Bergeron,25.52,23.84,3.9,7.73,205.32,,,,,,,
CBS,2021-01-07 08:20:41.125491,WPG,C,Mark Scheifele,22.0,30.33,-4.28,8.85,124.26,,,,,,,
CBS,2021-01-07 08:20:41.125491,NYR,C,Ryan Strome,14.97,32.81,11.94,7.4,119.52,,,,,,,
CBS,2021-01-07 08:20:41.125491,CHI,C,Jonathan Toews,17.28,33.2,1.8,6.71,121.59,,,,,,,
CBS,2021-01-07 08:20:41.125491,STL,C,Ryan O'Reilly,12.01,40.62,0.2,8.65,105.58,,,,,,,
CBS,2021-01-07 08:20:41.125491,STL,C,Brayden Schenn,20.27,26.12,-3.72,9.04,120.58,,,,,,,
CBS,2021-01-07 08:20:41.125491,PHI,C,Sean Couturier,16.82,30.15,2.14,6.24,142.62,,,,,,,
CBS,2021-01-07 08:20:41.125491,NYI,C,Mathew Barzal,14.5,32.88,-1.83,7.72,140.12,,,,,,,
CBS,2021-01-07 08:20:41.125491,LA,C,Anze Kopitar,16.22,29.43,-0.92,10.03,120.45,,,,,,,
CBS,2021-01-07 08:20:41.125491,NYI,C,Brock Nelson,22.06,22.53,-0.9,4.09,145.78,,,,,,,
CBS,2021-01-07 08:20:41.125491,CGY,C,Sean Monahan,18.81,25.15,-2.54,8.75,131.5,,,,,,,
CBS,2021-01-07 08:20:41.125491,FLA,C,Aleksander Barkov,14.79,29.94,-1.75,8.79,143.37,,,,,,,
CBS,2021-01-07 08:20:41.125491,NYI,C,Jean-Gabriel Pageau,22.87,12.9,7.07,4.96,118.77,,,,,,,
CBS,2021-01-07 08:20:41.125491,VAN,C,Bo Horvat,21.78,21.83,-3.15,5.55,126.57,,,,,,,
CBS,2021-01-07 08:20:41.125491,PHI,LW,Claude Giroux,15.13,25.66,-0.92,9.57,158.33,,,,,,,
CBS,2021-01-07 08:20:41.125491,WAS,C,Evgeny Kuznetsov,16.4,26.32,-5.55,8.15,124.74,,,,,,,
CBS,2021-01-07 08:20:41.125491,BOS,C,David Krejci,13.67,29.3,-0.55,7.55,88.56,,,,,,,
CBS,2021-01-07 08:20:41.125491,CLB,C,Pierre-Luc Dubois,15.28,25.42,-0.3,5.94,133.85,,,,,,,
CBS,2021-01-07 08:20:41.125491,WAS,C,Nicklas Backstrom,9.72,34.33,-3.92,10.1,125.88,,,,,,,
CBS,2021-01-07 08:20:41.125491,TB,C,Blake Coleman,19.41,13.25,13.65,1.22,165.56,,,,,,,
CBS,2021-01-07 08:20:41.125491,CGY,C,Mikael Backlund,15.67,23.58,3.14,5.0,128.0,,,,,,,
CBS,2021-01-07 08:20:41.125491,LV,C,William Karlsson,14.16,27.92,2.05,4.4,164.74,,,,,,,
CBS,2021-01-07 08:20:41.125491,NJ,C,Nico Hischier,15.34,22.84,5.9,6.13,112.89,,,,,,,
CBS,2021-01-07 08:20:41.125491,COL,C,Shane Bowers,14.87,21.32,10.25,5.13,111.69,,,,,,,
CBS,2021-01-07 08:20:41.125491,SJ,C,Logan Couture,15.95,21.21,-0.28,5.42,136.7,,,,,,,
CBS,2021-01-07 08:20:41.125491,SJ,C,Tomas Hertl,16.79,20.69,-0.28,4.76,135.53,,,,,,,
CBS,2021-01-07 08:20:41.125491,PHI,C,Kevin Hayes,18.56,17.77,-0.92,2.92,146.92,,,,,,,
CBS,2021-01-07 08:20:41.125491,DAL,C,Joe Pavelski,17.32,13.75,4.28,4.93,103.18,,,,,,,
CBS,2021-01-07 08:20:41.125491,BUF,C,Sam Reinhart,15.92,20.25,-3.05,5.42,103.27,,,,,,,
CBS,2021-01-07 08:20:41.125491,CHI,C,Dylan Strome,12.55,23.38,1.76,5.18,78.39,,,,,,,
CBS,2021-01-07 08:20:41.125491,LV,C,Patrick Brown,18.07,14.81,4.67,3.52,122.35,,,,,,,
CBS,2021-01-07 08:20:41.125491,TOR,C,Joe Thornton,7.7,23.42,11.98,5.38,63.4,,,,,,,
CBS,2021-01-07 08:20:41.125491,DET,C,Dylan Larkin,13.58,22.65,-9.53,5.09,134.26,,,,,,,
CBS,2021-01-07 08:20:41.125491,ANA,C,Ryan Getzlaf,10.34,22.64,-1.89,5.48,105.36,,,,,,,
CBS,2021-01-07 08:20:41.125491,ANA,C,Adam Henrique,18.44,13.36,-1.89,5.27,119.19,,,,,,,
CBS,2021-01-07 08:20:41.125491,CAR,LW,Steven Lorentz,12.98,18.6,3.34,4.48,103.62,,,,,,,
CBS,2021-01-07 08:20:41.125491,MIN,C,Marcus Johansson,9.65,22.2,5.4,3.83,82.27,,,,,,,
CBS,2021-01-07 08:20:41.125491,MON,C,Phillip Danault,9.08,24.22,4.0,1.98,112.7,,,,,,,
CBS,2021-01-07 08:20:41.125491,WAS,F,Philippe Maillet,12.63,18.1,1.59,4.36,103.75,,,,,,,
CBS,2021-01-07 08:20:41.125491,MIN,C,Nick Bonino,15.63,13.7,10.25,0.51,89.76,,,,,,,
CBS,2021-01-07 08:20:41.125491,STL,C,Robert Thomas,9.03,27.03,-3.05,3.33,78.5,,,,,,,
CBS,2021-01-07 08:20:41.125491,PHI,C,Scott Laughton,15.26,16.43,-0.92,0.0,84.38,,,,,,,
CBS,2021-01-07 08:20:41.125491,CAR,C,Vincent Trocheck,8.72,21.67,-0.28,3.14,121.79,,,,,,,
CBS,2021-01-07 08:20:41.125491,NSH,C,Matt Duchene,10.08,21.34,-3.01,5.98,126.42,,,,,,,
CBS,2021-01-07 08:20:41.125491,MON,C,Nick Suzuki,11.03,20.85,-5.13,7.91,120.0,,,,,,,
CBS,2021-01-07 08:20:41.125491,VAN,C,Adam Gaudette,11.41,15.68,1.92,4.85,55.33,,,,,,,
CBS,2021-01-07 08:20:41.125491,NJ,C,Pavel Zacha,7.71,22.13,5.9,4.01,78.8,,,,,,,
CBS,2021-01-07 08:20:41.125491,ARI,C,Nick Schmaltz,8.77,25.29,-6.69,5.65,71.09,,,,,,,
CBS,2021-01-07 08:20:41.125491,CLB,C,Max Domi,10.43,19.7,-3.45,6.06,139.07,,,,,,,
CBS,2021-01-07 08:20:41.125491,BUF,C,Eric Staal,12.88,19.96,-9.5,5.67,88.18,,,,,,,
CBS,2021-01-07 08:20:41.125491,ARI,C,Christian Dvorak,14.27,15.75,-0.57,4.45,95.26,,,,,,,
CBS,2021-01-07 08:20:41.125491,CAR,C,Morgan Geekie,14.7,14.82,3.13,2.24,74.27,,,,,,,
CBS,2021-01-07 08:20:41.125491,CAR,C,Martin Necas,13.48,17.19,-3.8,4.12,81.12,,,,,,,
CBS,2021-01-07 08:20:41.125491,EDM,C,Kyle Turris,8.5,20.63,0.8,5.6,77.18,,,,,,,
CBS,2021-01-07 08:20:41.125491,TB,C,Anthony Cirelli,12.44,18.08,0.21,2.06,96.7,,,,,,,
CBS,2021-01-07 08:20:41.125491,NSH,C,Ryan Johansen,10.31,17.53,-3.4,4.81,90.06,,,,,,,
CBS,2021-01-07 08:20:41.125491,CHI,C,Andrew Shaw,7.16,16.05,2.9,3.93,86.95,,,,,,,
CBS,2021-01-07 08:20:41.125491,BOS,C,Charlie Coyle,13.43,15.6,-0.55,2.21,130.78,,,,,,,
CBS,2021-01-07 08:20:41.125491,COL,C,Sheldon Dries,10.86,13.61,9.2,3.24,95.88,,,,,,,
CBS,2021-01-07 08:20:41.125491,WAS,C,Lars Eller,11.53,17.27,-5.55,2.84,129.38,,,,,,,
CBS,2021-01-07 08:20:41.125491,TB,LW,Yanni Gourde,10.44,15.58,0.21,2.75,101.71,,,,,,,
CBS,2021-01-07 08:20:41.125491,WAS,C,Brian Pinho,11.86,14.85,0.37,3.54,97.54,,,,,,,
CBS,2021-01-07 08:20:41.125491,MIN,C,Luke Johnson,11.71,14.21,3.17,3.1,96.77,,,,,,,
CBS,2021-01-07 08:20:41.125491,COL,LW,J.T. Compher,10.25,17.34,3.11,2.5,102.61,,,,,,,
CBS,2021-01-07 08:20:41.125491,LA,C,Jeff Carter,15.65,8.82,-0.92,3.12,191.29,,,,,,,
CBS,2021-01-07 08:20:41.125491,DAL,RW,Joel L'Esperance,12.8,13.52,-0.43,3.24,88.21,,,,,,,
CBS,2021-01-07 08:20:41.125491,VAN,C,Jayce Hawryluk,7.79,16.9,10.29,0.0,49.42,,,,,,,
CBS,2021-01-07 08:20:41.125491,MIN,C,Nico Sturm,11.1,15.56,3.0,2.41,73.24,,,,,,,
CBS,2021-01-07 08:20:41.125491,NSH,C,Luke Kunin,12.78,11.79,-2.6,1.24,122.15,,,,,,,
CBS,2021-01-07 08:20:41.125491,NSH,C,Calle Jarnkrok,11.57,13.56,0.28,4.03,126.71,,,,,,,
CBS,2021-01-07 08:20:41.125491,WPG,C,Paul Stastny,11.62,15.89,-7.88,4.67,123.86,,,,,,,
CBS,2021-01-07 08:20:41.125491,LA,C,Gabriel Vilardi,12.02,15.8,-7.43,4.23,108.94,,,,,,,
CBS,2021-01-07 08:20:41.125491,PIT,C,Jared McCann,11.08,16.64,-5.04,3.34,125.69,,,,,,,
CBS,2021-01-07 08:20:41.125491,TOR,C,Jason Spezza,8.45,14.49,3.48,4.01,74.12,,,,,,,
CBS,2021-01-07 08:20:41.125491,BOS,C,Jack Studnicka,9.0,13.32,5.9,2.36,116.49,,,,,,,
CBS,2021-01-07 08:20:41.125491,CGY,C,Derek Ryan,8.18,17.14,6.42,1.7,77.31,,,,,,,
CBS,2021-01-07 08:20:41.125491,MIN,C,Joel Eriksson Ek,7.8,17.86,5.23,0.5,96.87,,,,,,,
CBS,2021-01-07 08:20:41.125491,LA,RW,Adrian Kempe,8.65,14.97,-0.92,4.52,134.01,,,,,,,
CBS,2021-01-07 08:20:41.125491,OTT,C,Artem Anisimov,16.3,5.4,-0.78,4.47,91.83,,,,,,,
CBS,2021-01-07 08:20:41.125491,OTT,C,Chris Tierney,8.05,19.17,-0.78,1.11,73.89,,,,,,,
CBS,2021-01-07 08:20:41.125491,CAR,LW,Ryan Dzingel,6.99,17.04,-2.43,4.67,88.51,,,,,,,
CBS,2021-01-07 08:20:41.125491,TB,C,Tyler Johnson,10.93,12.05,0.21,3.75,103.85,,,,,,,
CBS,2021-01-07 08:20:41.125491,CGY,C,Sam Bennett,12.96,6.15,1.41,2.6,103.05,,,,,,,
CBS,2021-01-07 08:20:41.125491,TOR,C,Alexander Kerfoot,7.53,17.76,-1.14,1.49,78.01,,,,,,,
CBS,2021-01-07 08:20:41.125491,NYR,LW,Artemi Panarin,27.68,50.49,13.67,11.32,164.76,,,,,,,
CBS,2021-01-07 08:20:41.125491,CHI,RW,Patrick Kane,26.29,41.87,5.34,13.98,192.92,,,,,,,
CBS,2021-01-07 08:20:41.125491,TB,RW,Nikita Kucherov,25.12,45.34,0.21,12.92,189.61,,,,,,,
CBS,2021-01-07 08:20:41.125491,BOS,LW,Brad Marchand,24.45,42.88,0.14,10.29,156.4,,,,,,,
CBS,2021-01-07 08:20:41.125491,BOS,RW,David Pastrnak,30.98,31.51,-0.5,12.34,202.03,,,,,,,
CBS,2021-01-07 08:20:41.125491,COL,RW,Mikko Rantanen,25.4,33.76,3.11,12.65,177.65,,,,,,,
CBS,2021-01-07 08:20:41.125491,TOR,C,Mitchell Marner,14.59,48.28,0.45,14.16,155.07,,,,,,,
CBS,2021-01-07 08:20:41.125491,LV,LW,Max Pacioretty,26.31,26.52,3.18,9.18,300.12,,,,,,,
CBS,2021-01-07 08:20:41.125491,WAS,LW,Alex Ovechkin,37.34,14.39,-5.55,9.25,268.43,,,,,,,
CBS,2021-01-07 08:20:41.125491,PIT,RW,Bryan Rust,26.45,27.0,-3.54,9.91,153.92,,,,,,,
CBS,2021-01-07 08:20:41.125491,CGY,LW,Matthew Tkachuk,20.09,32.54,0.13,8.54,147.99,,,,,,,
CBS,2021-01-07 08:20:41.125491,LV,RW,Mark Stone,18.98,37.01,0.81,9.12,173.65,,,,,,,
CBS,2021-01-07 08:20:41.125491,PIT,C,Jake Guentzel,25.99,29.14,-5.04,8.64,189.6,,,,,,,
CBS,2021-01-07 08:20:41.125491,COL,LW,Gabriel Landeskog,20.19,28.46,3.11,10.39,168.15,,,,,,,
CBS,2021-01-07 08:20:41.125491,WPG,LW,Kyle Connor,28.16,24.18,-2.28,7.61,177.64,,,,,,,
CBS,2021-01-07 08:20:41.125491,STL,LW,David Perron,21.77,28.29,-3.65,11.8,147.51,,,,,,,
CBS,2021-01-07 08:20:41.125491,FLA,C,Jonathan Huberdeau,16.4,36.24,0.92,11.49,120.03,,,,,,,
CBS,2021-01-07 08:20:41.125491,CAR,RW,Andrei Svechnikov,21.54,28.92,-3.8,9.88,159.87,,,,,,,
CBS,2021-01-07 08:20:41.125491,MIN,LW,Kevin Fiala,21.78,25.26,3.53,8.91,166.11,,,,,,,
CBS,2021-01-07 08:20:41.125491,TOR,RW,William Nylander,25.77,24.09,-0.11,8.92,164.62,,,,,,,
CBS,2021-01-07 08:20:41.125491,CGY,C,Elias Lindholm,23.51,23.58,-0.41,9.59,130.11,,,,,,,
CBS,2021-01-07 08:20:41.125491,CGY,LW,Johnny Gaudreau,17.23,33.8,-0.76,10.0,164.37,,,,,,,
CBS,2021-01-07 08:20:41.125491,NJ,RW,Kyle Palmieri,23.81,18.51,5.9,8.8,126.5,,,,,,,
CBS,2021-01-07 08:20:41.125491,NYR,LW,Chris Kreider,23.03,19.21,7.37,6.79,133.65,,,,,,,
CBS,2021-01-07 08:20:41.125491,SJ,LW,Evander Kane,21.39,16.08,-0.28,8.8,186.94,,,,,,,
CBS,2021-01-07 08:20:41.125491,COL,LW,Andre Burakovsky,20.87,26.64,3.11,6.66,107.65,,,,,,,
CBS,2021-01-07 08:20:41.125491,CAR,LW,Teuvo Teravainen,13.61,35.54,0.71,9.45,154.78,,,,,,,
CBS,2021-01-07 08:20:41.125491,WPG,RW,Patrik Laine,22.51,24.74,-2.4,7.09,177.75,,,,,,,
CBS,2021-01-07 08:20:41.125491,PHI,C,Travis Konecny,16.82,28.88,-0.92,9.34,117.84,,,,,,,
CBS,2021-01-07 08:20:41.125491,WPG,RW,Blake Wheeler,16.31,29.55,-3.77,9.72,129.91,,,,,,,
CBS,2021-01-07 08:20:41.125491,CHI,LW,Dominik Kubalik,26.32,14.93,3.31,7.1,116.42,,,,,,,
CBS,2021-01-07 08:20:41.125491,TOR,C,Zach Hyman,23.14,18.27,8.26,3.84,125.67,,,,,,,
CBS,2021-01-07 08:20:41.125491,STL,LW,Jaden Schwartz,19.52,26.12,-3.72,8.26,143.77,,,,,,,
CBS,2021-01-07 08:20:41.125491,COL,LW,Brandon Saad,24.55,15.26,16.55,0.75,129.24,,,,,,,
CBS,2021-01-07 08:20:41.125491,LV,RW,Reilly Smith,21.22,24.14,2.04,4.15,169.88,,,,,,,
CBS,2021-01-07 08:20:41.125491,PHI,RW,Jakub Voracek,11.17,32.08,1.14,8.74,111.79,,,,,,,
CBS,2021-01-07 08:20:41.125491,BUF,LW,Taylor Hall,13.16,28.57,0.83,8.66,159.77,,,,,,,
CBS,2021-01-07 08:20:41.125491,VAN,RW,Brock Boeser,16.16,26.71,0.88,7.23,131.37,,,,,,,
CBS,2021-01-07 08:20:41.125491,PIT,LW,Jason Zucker,20.35,19.2,6.05,5.87,108.9,,,,,,,
CBS,2021-01-07 08:20:41.125491,NJ,LW,Nikita Gusev,12.74,29.49,5.9,7.94,126.0,,,,,,,
CBS,2021-01-07 08:20:41.125491,EDM,LW,Tyler Ennis,16.29,21.39,11.77,5.94,113.98,,,,,,,
CBS,2021-01-07 08:20:41.125491,MON,LW,Tomas Tatar,15.78,25.85,-2.72,7.42,132.13,,,,,,,
CBS,2021-01-07 08:20:41.125491,WPG,LW,Nikolaj Ehlers,20.01,22.16,2.2,2.54,152.39,,,,,,,
CBS,2021-01-07 08:20:41.125491,CLB,RW,Oliver Bjorkstrand,23.29,15.32,3.62,5.17,188.71,,,,,,,
CBS,2021-01-07 08:20:41.125491,NSH,C,Filip Forsberg,18.04,20.57,0.33,7.56,195.82,,,,,,,
CBS,2021-01-07 08:20:41.125491,EDM,RW,Kailer Yamamoto,17.3,26.56,-0.55,1.89,81.34,,,,,,,
CBS,2021-01-07 08:20:41.125491,BUF,RW,Victor Olofsson,18.02,19.85,0.83,10.04,115.16,,,,,,,
CBS,2021-01-07 08:20:41.125491,MIN,LW,Zach Parise,19.76,18.43,0.84,7.9,128.69,,,,,,,
CBS,2021-01-07 08:20:41.125491,FLA,LW,Anthony Duclair,21.23,15.9,4.57,5.52,142.29,,,,,,,
CBS,2021-01-07 08:20:41.125491,LV,C,Jonathan Marchessault,17.52,22.35,-1.29,6.04,241.97,,,,,,,
CBS,2021-01-07 08:20:41.125491,NYR,LW,Pavel Buchnevich,14.7,24.45,7.35,4.44,118.81,,,,,,,
CBS,2021-01-07 08:20:41.125491,CHI,RW,Alex DeBrincat,15.02,22.38,0.38,9.5,148.95,,,,,,,
CBS,2021-01-07 08:20:41.125491,NYI,RW,Jordan Eberle,15.34,23.01,2.1,7.52,133.62,,,,,,,
CBS,2021-01-07 08:20:41.125491,BOS,LW,Nick Ritchie,12.93,14.99,12.89,2.69,86.97,,,,,,,
CBS,2021-01-07 08:20:41.125491,EDM,LW,James Neal,22.8,12.51,-1.67,8.06,112.68,,,,,,,
CBS,2021-01-07 08:20:41.125491,MON,RW,Tyler Toffoli,19.72,15.74,4.0,5.6,170.64,,,,,,,
CBS,2021-01-07 08:20:41.125491,TB,C,Alex Killorn,19.54,16.02,0.21,6.03,106.3,,,,,,,
CBS,2021-01-07 08:20:41.125491,DAL,LW,Jamie Benn,16.84,18.1,-0.79,5.29,125.67,,,,,,,
CBS,2021-01-07 08:20:41.125491,WAS,RW,T.J. Oshie,20.49,16.22,-4.65,6.33,117.14,,,,,,,
CBS,2021-01-07 08:20:41.125491,DET,RW,Anthony Mantha,17.47,22.12,-9.53,5.23,139.58,,,,,,,
CBS,2021-01-07 08:20:41.125491,DAL,RW,Alexander Radulov,15.8,18.63,-0.14,5.33,108.08,,,,,,,
CBS,2021-01-07 08:20:41.125491,CLB,RW,Cam Atkinson,16.1,20.7,1.74,6.33,188.27,,,,,,,
CBS,2021-01-07 08:20:41.125491,WAS,RW,Tom Wilson,15.8,17.99,-5.55,3.79,131.24,,,,,,,
CBS,2021-01-07 08:20:41.125491,DAL,LW,Roope Hintz,15.6,17.89,3.88,6.81,105.6,,,,,,,
CBS,2021-01-07 08:20:41.125491,OTT,LW,Brady Tkachuk,15.37,16.22,-0.78,3.88,187.63,,,,,,,
CBS,2021-01-07 08:20:41.125491,SJ,RW,Timo Meier,17.17,18.81,-0.28,4.32,155.19,,,,,,,
CBS,2021-01-07 08:20:41.125491,NYI,LW,Anders Lee,17.02,16.44,-0.28,4.99,167.77,,,,,,,
CBS,2021-01-07 08:20:41.125491,MON,RW,Brendan Gallagher,16.98,18.45,-0.66,4.18,227.7,,,,,,,
CBS,2021-01-07 08:20:41.125491,ARI,C,Clayton Keller,14.99,21.47,-4.88,6.46,131.65,,,,,,,
CBS,2021-01-07 08:20:41.125491,TB,LW,Ondrej Palat,17.25,17.31,0.21,4.47,128.79,,,,,,,
CBS,2021-01-07 08:20:41.125491,WAS,C,Jakub Vrana,17.66,19.05,-5.38,5.43,158.29,,,,,,,
CBS,2021-01-07 08:20:41.125491,EDM,C,Seth Griffith,14.64,18.35,4.15,4.36,104.38,,,,,,,
CBS,2021-01-07 08:20:41.125491,NYI,LW,Josh Bailey,10.72,27.4,-4.94,6.81,79.17,,,,,,,
CBS,2021-01-07 08:20:41.125491,EDM,RW,Zack Kassian,14.88,18.25,1.44,0.0,88.49,,,,,,,
CBS,2021-01-07 08:20:41.125491,ANA,C,Rickard Rakell,12.51,22.92,-1.89,6.2,145.65,,,,,,,
CBS,2021-01-07 08:20:41.125491,PHI,LW,Oskar Lindblom,20.45,10.89,2.31,4.62,125.8,,,,,,,
CBS,2021-01-07 08:20:41.125491,TOR,RW,Wayne Simmonds,8.8,17.78,11.98,5.76,100.27,,,,,,,
CBS,2021-01-07 08:20:41.125491,NJ,LW,Jesper Bratt,16.35,15.71,5.9,3.17,89.06,,,,,,,
CBS,2021-01-07 08:20:41.125491,FLA,RW,Patric Hornqvist,16.52,15.09,-5.14,4.64,180.85,,,,,,,
CBS,2021-01-07 08:20:41.125491,BOS,C,Craig Smith,14.61,10.32,12.89,3.52,159.88,,,,,,,
CBS,2021-01-07 08:20:41.125491,COL,RW,Joonas Donskoi,15.81,15.65,3.11,2.55,101.44,,,,,,,
CBS,2021-01-07 08:20:41.125491,VAN,LW,Tanner Pearson,15.65,17.33,-2.36,3.09,112.92,,,,,,,
CBS,2021-01-07 08:20:41.125491,NYI,LW,Anthony Beauvillier,17.02,15.83,-5.56,4.99,125.03,,,,,,,
CBS,2021-01-07 08:20:41.125491,LV,RW,Keegan Kolesar,13.54,16.39,5.03,3.57,123.62,,,,,,,
CBS,2021-01-07 08:20:41.125491,DET,LW,Tyler Bertuzzi,15.02,17.99,-9.53,5.09,77.68,,,,,,,
CBS,2021-01-07 08:20:41.125491,DAL,RW,Denis Gurianov,18.69,10.26,-0.79,5.68,105.81,,,,,,,
CBS,2021-01-07 08:20:41.125491,ANA,LW,Jakob Silfverberg,16.7,14.5,-1.89,4.26,116.08,,,,,,,
CBS,2021-01-07 08:20:41.125491,BOS,RW,Ondrej Kase,8.17,22.48,12.89,1.22,160.53,,,,,,,
CBS,2021-01-07 08:20:41.125491,STL,LW,Zach Sanford,15.33,14.73,0.5,0.93,91.41,,,,,,,
CBS,2021-01-07 08:20:41.125491,MON,C,Jonathan Drouin,11.0,20.3,-9.44,7.06,108.06,,,,,,,
CBS,2021-01-07 08:20:41.125491,STL,RW,Austin Poganski,13.36,16.22,2.61,3.51,105.32,,,,,,,
CBS,2021-01-07 08:20:41.125491,LV,RW,Alex Tuch,16.25,12.46,-1.29,5.52,177.03,,,,,,,
CBS,2021-01-07 08:20:41.125491,NJ,RW,Nicholas Merkley,14.24,16.49,-1.54,2.99,101.42,,,,,,,
CBS,2021-01-07 08:20:41.125491,LA,C,Alex Iafallo,12.35,19.13,-0.92,4.52,125.86,,,,,,,
CBS,2021-01-07 08:20:41.125491,VAN,RW,Justin Bailey,12.51,15.19,3.19,3.31,93.52,,,,,,,
CBS,2021-01-07 08:20:41.125491,NJ,LW,Andreas Johnsson,11.09,15.11,5.9,4.27,100.25,,,,,,,
CBS,2021-01-07 08:20:41.125491,PHI,LW,James van Riemsdyk,15.31,14.71,-0.92,3.99,127.34,,,,,,,
CBS,2021-01-07 08:20:41.125491,ARI,RW,Conor Garland,17.07,13.44,-6.06,4.24,118.51,,,,,,,
CBS,2021-01-07 08:20:41.125491,BOS,LW,Jake DeBrusk,17.2,11.43,-0.55,3.58,149.66,,,,,,,
CBS,2021-01-07 08:20:41.125491,OTT,RW,Connor Brown,11.71,19.91,-0.78,2.21,125.34,,,,,,,
CBS,2021-01-07 08:20:41.125491,WAS,D,John Carlson,10.82,46.78,-4.12,13.88,160.75,,,,,,,
CBS,2021-01-07 08:20:41.125491,COL,D,Cale Makar,12.94,37.55,3.11,11.35,137.47,,,,,,,
CBS,2021-01-07 08:20:41.125491,CAR,D,Dougie Hamilton,16.84,28.55,7.23,7.55,214.35,,,,,,,
CBS,2021-01-07 08:20:41.125491,TB,D,Victor Hedman,13.5,33.6,0.21,11.35,153.43,,,,,,,
CBS,2021-01-07 08:20:41.125491,NSH,D,Roman Josi,10.95,35.55,3.71,10.66,230.97,,,,,,,
CBS,2021-01-07 08:20:41.125491,NYR,D,Tony DeAngelo,12.69,31.07,7.35,8.88,118.43,,,,,,,
CBS,2021-01-07 08:20:41.125491,LV,D,Alex Pietrangelo,13.2,30.7,2.94,10.38,220.06,,,,,,,
CBS,2021-01-07 08:20:41.125491,LV,D,Shea Theodore,13.26,30.17,2.97,9.95,235.21,,,,,,,
CBS,2021-01-07 08:20:41.125491,STL,D,Torey Krug,8.07,33.56,-3.72,11.92,143.98,,,,,,,
CBS,2021-01-07 08:20:41.125491,VAN,D,Quinn Hughes,6.24,38.06,-3.15,10.64,88.18,,,,,,,
CBS,2021-01-07 08:20:41.125491,PIT,D,Kris Letang,12.99,24.05,-5.04,7.44,168.19,,,,,,,
CBS,2021-01-07 08:20:41.125491,MIN,D,Ryan Suter,6.43,32.06,1.98,8.07,92.39,,,,,,,
CBS,2021-01-07 08:20:41.125491,NYR,D,Adam Fox,6.65,26.56,13.67,5.66,97.84,,,,,,,
CBS,2021-01-07 08:20:41.125491,DAL,D,John Klingberg,7.32,29.27,-1.45,7.99,104.31,,,,,,,
CBS,2021-01-07 08:20:41.125491,CLB,D,Zach Werenski,15.82,17.14,2.65,6.64,167.74,,,,,,,
CBS,2021-01-07 08:20:41.125491,BUF,D,Rasmus Dahlin,3.56,30.96,0.83,8.88,75.52,,,,,,,
CBS,2021-01-07 08:20:41.125491,NSH,D,Ryan Ellis,8.18,28.31,3.71,4.91,146.78,,,,,,,
CBS,2021-01-07 08:20:41.125491,CGY,D,Mark Giordano,4.85,27.88,7.65,5.68,141.04,,,,,,,
CBS,2021-01-07 08:20:41.125491,WPG,D,Neal Pionk,4.45,27.54,-0.79,11.41,131.29,,,,,,,
CBS,2021-01-07 08:20:41.125491,SJ,D,Erik Karlsson,5.69,29.86,-0.28,8.14,117.7,,,,,,,
CBS,2021-01-07 08:20:41.125491,DAL,D,Miro Heiskanen,8.73,27.44,4.22,4.41,121.51,,,,,,,
CBS,2021-01-07 08:20:41.125491,MIN,D,Jared Spurgeon,12.37,18.93,2.26,6.88,105.2,,,,,,,
CBS,2021-01-07 08:20:41.125491,SJ,D,Brent Burns,8.58,23.87,-0.28,8.15,175.87,,,,,,,
CBS,2021-01-07 08:20:41.125491,MON,D,Shea Weber,12.32,16.33,1.02,4.72,166.65,,,,,,,
CBS,2021-01-07 08:20:41.125491,EDM,D,Oscar Klefbom,4.72,27.8,-1.67,7.88,140.82,,,,,,,
CBS,2021-01-07 08:20:41.125491,COL,D,Devon Toews,6.5,23.64,7.03,5.3,98.68,,,,,,,
CBS,2021-01-07 08:20:41.125491,NJ,D,Damon Severson,7.25,20.12,5.9,4.77,87.63,,,,,,,
CBS,2021-01-07 08:20:41.125491,VAN,D,Alexander Edler,3.84,25.46,5.06,2.41,99.15,,,,,,,
CBS,2021-01-07 08:20:41.125491,FLA,D,Keith Yandle,3.41,27.82,-1.76,9.19,98.82,,,,,,,
CBS,2021-01-07 08:20:41.125491,PHI,D,Ivan Provorov,10.31,18.42,-0.92,7.07,115.38,,,,,,,
CBS,2021-01-07 08:20:41.125491,TB,D,Mikhail Sergachev,7.98,17.89,0.21,5.84,104.16,,,,,,,
CBS,2021-01-07 08:20:41.125491,TOR,D,Morgan Rielly,4.4,25.61,1.49,4.76,153.97,,,,,,,
CBS,2021-01-07 08:20:41.125491,OTT,D,Thomas Chabot,4.39,24.33,-0.78,6.09,134.77,,,,,,,
CBS,2021-01-07 08:20:41.125491,COL,D,Samuel Girard,3.5,25.87,3.11,5.94,85.72,,,,,,,
CBS,2021-01-07 08:20:41.125491,LA,D,Drew Doughty,5.53,21.17,-1.79,7.51,130.32,,,,,,,
CBS,2021-01-07 08:20:41.125491,MON,D,Jeff Petry,8.43,20.19,-4.1,5.44,125.84,,,,,,,
CBS,2021-01-07 08:20:41.125491,VAN,D,Nate Schmidt,6.67,23.24,-1.39,4.65,134.67,,,,,,,
CBS,2021-01-07 08:20:41.125491,EDM,D,Tyson Barrie,3.99,26.09,-1.67,5.8,126.48,,,,,,,
CBS,2021-01-07 08:20:41.125491,CLB,D,Seth Jones,5.8,22.62,-2.26,6.2,131.6,,,,,,,
CBS,2021-01-07 08:20:41.125491,ANA,D,Cam Fowler,8.43,18.93,-1.89,5.52,101.92,,,,,,,
CBS,2021-01-07 08:20:41.125491,EDM,D,Darnell Nurse,4.18,24.19,0.5,1.8,129.05,,,,,,,
CBS,2021-01-07 08:20:41.125491,NYI,D,Ryan Pulock,7.56,20.7,-1.83,4.99,130.69,,,,,,,
CBS,2021-01-07 08:20:41.125491,PHI,D,Erik Gustafsson,4.78,20.02,3.96,5.57,78.99,,,,,,,
CBS,2021-01-07 08:20:41.125491,LV,D,Alec Martinez,4.93,16.24,12.15,4.7,116.81,,,,,,,
CBS,2021-01-07 08:20:41.125491,FLA,D,Aaron Ekblad,3.55,24.19,4.57,2.4,118.15,,,,,,,
CBS,2021-01-07 08:20:41.125491,ARI,D,Oliver Ekman-Larsson,7.49,17.97,-3.44,3.34,105.49,,,,,,,
CBS,2021-01-07 08:20:41.125491,BUF,D,Rasmus Ristolainen,4.34,19.53,0.83,4.06,91.8,,,,,,,
CBS,2021-01-07 08:20:41.125491,CHI,D,Duncan Keith,2.49,22.29,-3.93,9.0,86.96,,,,,,,
CBS,2021-01-07 08:20:41.125491,ARI,D,Jakob Chychrun,10.31,11.1,-1.08,3.84,117.87,,,,,,,
CBS,2021-01-07 08:20:41.125491,TOR,D,Jake Muzzin,6.28,17.09,5.26,0.0,109.67,,,,,,,
CBS,2021-01-07 08:20:41.125491,PHI,D,Shayne Gostisbehere,6.75,11.92,9.98,3.85,100.42,,,,,,,
CBS,2021-01-07 08:20:41.125491,BOS,D,Charlie McAvoy,4.38,21.13,-0.55,0.67,100.49,,,,,,,
CBS,2021-01-07 08:20:41.125491,NYR,D,Jacob Trouba,5.83,16.41,0.23,3.48,131.46,,,,,,,
CBS,2021-01-07 08:20:41.125491,STL,D,Colton Parayko,10.13,14.78,-1.6,2.27,161.16,,,,,,,
CBS,2021-01-07 08:20:41.125491,NJ,D,P.K. Subban,6.48,9.88,5.9,3.01,117.98,,,,,,,
CBS,2021-01-07 08:20:41.125491,CAR,D,Jaccob Slavin,5.3,22.04,1.45,1.29,124.77,,,,,,,
CBS,2021-01-07 08:20:41.125491,MIN,D,Jonas Brodin,1.58,21.49,10.25,0.88,88.7,,,,,,,
CBS,2021-01-07 08:20:41.125491,COL,D,Bowen Byram,4.74,14.63,10.22,2.88,76.01,,,,,,,
CBS,2021-01-07 08:20:41.125491,FLA,D,MacKenzie Weegar,7.81,12.59,4.57,0.0,92.78,,,,,,,
CBS,2021-01-07 08:20:41.125491,ANA,D,Hampus Lindholm,1.06,21.39,-1.89,6.05,104.33,,,,,,,
CBS,2021-01-07 08:20:41.125491,WPG,D,Josh Morrissey,3.94,19.22,-3.6,5.07,93.52,,,,,,,
CBS,2021-01-07 08:20:41.125491,NSH,D,Mark Borowiecki,7.37,10.55,3.71,0.0,65.92,,,,,,,
CBS,2021-01-07 08:20:41.125491,MIN,D,Dakota Mermis,5.4,16.78,3.73,1.25,80.54,,,,,,,
CBS,2021-01-07 08:20:41.125491,CGY,D,Rasmus Andersson,6.27,13.36,1.72,1.66,95.12,,,,,,,
CBS,2021-01-07 08:20:41.125491,MIN,D,Matt Dumba,4.74,14.58,2.0,3.52,143.87,,,,,,,
CBS,2021-01-07 08:20:41.125491,OTT,D,Mike Reilly,1.12,18.05,-0.78,6.81,98.27,,,,,,,
CBS,2021-01-07 08:20:41.125491,ARI,D,Alex Goligoski,2.85,20.04,-1.65,4.45,70.75,,,,,,,
CBS,2021-01-07 08:20:41.125491,TB,D,Andreas Borgman,4.45,13.71,7.32,2.69,70.41,,,,,,,
CBS,2021-01-07 08:20:41.125491,NYR,D,Darren Raddysh,4.52,13.93,7.35,2.75,73.42,,,,,,,
CBS,2021-01-07 08:20:41.125491,COL,D,Ryan Graves,7.07,12.76,4.16,0.0,125.29,,,,,,,
CBS,2021-01-07 08:20:41.125491,STL,D,Vince Dunn,6.76,12.33,-0.15,3.94,113.82,,,,,,,
CBS,2021-01-07 08:20:41.125491,PHI,D,Travis Sanheim,6.19,15.79,-0.92,1.66,87.89,,,,,,,
CBS,2021-01-07 08:20:41.125491,NSH,D,Mattias Ekholm,5.5,17.49,-3.4,2.13,137.78,,,,,,,
CBS,2021-01-07 08:20:41.125491,NJ,D,Will Butcher,4.47,18.21,5.9,0.72,57.94,,,,,,,
CBS,2021-01-07 08:20:41.125491,PIT,D,John Marino,5.43,17.18,-5.04,2.94,68.53,,,,,,,
CBS,2021-01-07 08:20:41.125491,BOS,D,Kevan Miller,4.15,12.74,6.56,2.5,73.22,,,,,,,
CBS,2021-01-07 08:20:41.125491,CHI,D,Connor Murphy,4.39,16.25,2.6,0.0,98.83,,,,,,,
CBS,2021-01-07 08:20:41.125491,COL,D,Ian Cole,3.06,17.44,3.11,0.0,89.07,,,,,,,
CBS,2021-01-07 08:20:41.125491,WAS,D,Dmitry Orlov,2.83,18.34,-2.83,2.71,89.99,,,,,,,
CBS,2021-01-07 08:20:41.125491,COL,D,Dennis Gilbert,3.39,6.58,5.83,0.0,30.26,,,,,,,
CBS,2021-01-07 08:20:41.125491,TOR,D,T.J. Brodie,4.24,16.09,1.42,0.44,53.34,,,,,,,
CBS,2021-01-07 08:20:41.125491,MIN,D,Brad Hunt,7.39,9.9,-0.47,5.33,103.44,,,,,,,
CBS,2021-01-07 08:20:41.125491,VAN,D,Jalen Chatfield,4.16,12.84,3.96,2.53,64.69,,,,,,,
CBS,2021-01-07 08:20:41.125491,MON,D,Ben Chiarot,5.94,9.58,1.54,0.0,108.41,,,,,,,
CBS,2021-01-07 08:20:41.125491,CGY,D,Nikita Nesterov,4.2,12.95,3.17,2.55,70.96,,,,,,,
CBS,2021-01-07 08:20:41.125491,CGY,D,Juuso Valimaki,4.2,12.95,3.17,2.55,70.96,,,,,,,
CBS,2021-01-07 08:20:41.125491,CAR,D,Jake Gardiner,3.08,15.11,-3.8,4.85,74.3,,,,,,,
CBS,2021-01-07 08:20:41.125491,VAN,D,Olli Juolevi,3.96,12.2,3.94,2.4,61.49,,,,,,,
CBS,2021-01-07 08:20:41.125491,WAS,D,Brenden Dillon,0.9,10.96,7.89,0.0,50.59,,,,,,,
CBS,2021-01-07 08:20:41.125491,NYI,D,Nick Leddy,4.14,14.52,-0.68,3.63,68.07,,,,,,,
CBS,2021-01-07 08:20:41.125491,BUF,D,Brandon Montour,4.75,12.37,0.83,1.43,79.97,,,,,,,
CBS,2021-01-07 08:20:41.125491,CGY,D,Noah Hanifin,3.92,16.5,-0.76,2.09,106.99,,,,,,,
CBS,2021-01-07 08:20:41.125491,LA,D,Sean Walker,3.86,14.71,-0.92,2.51,115.07,,,,,,,
CBS,2021-01-07 08:20:41.125491,MIN,D,Carson Soucy,6.97,6.83,10.25,0.0,63.1,,,,,,,
CBS,2021-01-07 08:20:41.125491,PIT,D,Mike Matheson,7.13,10.16,-0.62,1.03,90.15,,,,,,,
CBS,2021-01-07 08:20:41.125491,NYR,D,Ryan Lindgren,0.97,12.85,11.4,0.0,42.08,,,,,,,
CBS,2021-01-07 08:20:41.125491,PHI,D,Philippe Myers,6.16,10.8,-0.92,0.0,93.71,,,,,,,
CBS,2021-01-07 08:20:41.125491,VAN,D,Tyler Myers,3.68,10.28,-3.15,2.29,92.38,,,,,,,
CBS,2021-01-07 08:20:41.125491,PHI,D,Mark Friedman,2.92,11.82,6.08,1.77,50.99,,,,,,,
CBS,2021-01-07 08:20:41.125491,CAR,D,Brady Skjei,6.0,12.18,-3.8,0.0,107.32,,,,,,,
CBS,2021-01-07 08:20:41.125491,COL,G,Philipp Grubauer,,—,,,,,,27.79,1155.24,0.915,2.43,3.36
CBS,2021-01-07 08:20:41.125491,NYR,G,Igor Shesterkin,,—,,,,,,26.18,1167.55,0.9129999999999999,2.5,3.13
CBS,2021-01-07 08:20:41.125491,TB,G,Andrei Vasilevskiy,,—,,,,,,25.93,1170.93,0.914,2.47,3.24
CBS,2021-01-07 08:20:41.125491,PHI,G,Carter Hart,,—,,,,,,25.33,1163.62,0.917,2.36,3.72
CBS,2021-01-07 08:20:41.125491,BOS,G,Tuukka Rask,,—,,,,,,25.07,1162.16,0.917,2.37,3.65
CBS,2021-01-07 08:20:41.125491,LV,G,Robin Lehner,,—,,,,,,24.83,1138.68,0.912,2.47,3.17
CBS,2021-01-07 08:20:41.125491,TOR,G,Frederik Andersen,,—,,,,,,24.69,1171.99,0.9109999999999999,2.59,2.79
CBS,2021-01-07 08:20:41.125491,VAN,G,Braden Holtby,,—,,,,,,23.24,1219.68,0.914,2.6,2.83
CBS,2021-01-07 08:20:41.125491,MIN,G,Cam Talbot,,—,,,,,,23.28,1159.24,0.91,2.57,2.88
CBS,2021-01-07 08:20:41.125491,EDM,G,Mikko Koskinen,,—,,,,,,23.83,1177.87,0.9079999999999999,2.68,2.54
CBS,2021-01-07 08:20:41.125491,CGY,G,Jacob Markstrom,,—,,,,,,23.1,1191.37,0.91,2.64,2.68
CBS,2021-01-07 08:20:41.125491,CAR,G,Petr Mrazek,,—,,,,,,22.93,1167.47,0.909,2.62,2.74
CBS,2021-01-07 08:20:41.125491,STL,G,Jordan Binnington,,—,,,,,,22.8,1171.02,0.9079999999999999,2.69,2.59
CBS,2021-01-07 08:20:41.125491,NYI,G,Semyon Varlamov,,—,,,,,,21.48,1172.68,0.914,2.48,3.21
CBS,2021-01-07 08:20:41.125491,DAL,G,Anton Khudobin,,—,,,,,,20.58,1203.37,0.915,2.51,3.07
CBS,2021-01-07 08:20:41.125491,WAS,G,Ilya Samsonov,,—,,,,,,21.56,1159.03,0.9059999999999999,2.71,2.44
CBS,2021-01-07 08:20:41.125491,NJ,G,Corey Crawford,,—,,,,,,20.31,1199.86,0.9079999999999999,2.72,2.5
CBS,2021-01-07 08:20:41.125491,WPG,G,Connor Hellebuyck,,—,,,,,,20.08,1192.99,0.91,2.65,2.69
CBS,2021-01-07 08:20:41.125491,CHI,G,Malcolm Subban,,—,,,,,,20.58,1207.96,0.905,2.84,2.17
CBS,2021-01-07 08:20:41.125491,CLB,G,Joonas Korpisalo,,—,,,,,,18.58,1204.52,0.9159999999999999,2.49,3.18
CBS,2021-01-07 08:20:41.125491,NSH,G,Juuse Saros,,—,,,,,,18.99,1203.04,0.9109999999999999,2.64,2.7
CBS,2021-01-07 08:20:41.125491,MON,G,Carey Price,,—,,,,,,18.97,1184.27,0.9109999999999999,2.61,2.75
CBS,2021-01-07 08:20:41.125491,ARI,G,Darcy Kuemper,,—,,,,,,18.37,1209.85,0.9109999999999999,2.65,2.64
CBS,2021-01-07 08:20:41.125491,FLA,G,Sergei Bobrovsky,,—,,,,,,19.12,1175.89,0.9059999999999999,2.75,2.45
CBS,2021-01-07 08:20:41.125491,PIT,G,Tristan Jarry,,—,,,,,,18.61,991.72,0.9079999999999999,2.66,2.26
CBS,2021-01-07 08:20:41.125491,BUF,G,Linus Ullmark,,—,,,,,,16.71,1180.45,0.9079999999999999,2.7,2.55
CBS,2021-01-07 08:20:41.125491,SJ,G,Martin Jones,,—,,,,,,16.4,1186.18,0.9079999999999999,2.7,2.48
CBS,2021-01-07 08:20:41.125491,OTT,G,Matt Murray,,—,,,,,,15.96,1199.39,0.905,2.82,2.24
CBS,2021-01-07 08:20:41.125491,LA,G,Jonathan Quick,,—,,,,,,15.19,1188.1,0.907,2.75,2.33
CBS,2021-01-07 08:20:41.125491,ANA,G,John Gibson,,—,,,,,,14.72,1196.78,0.903,2.89,2.05
CBS,2021-01-07 08:20:41.125491,PIT,G,Casey DeSmith,,—,,,,,,11.07,578.69,0.91,2.65,1.32
CBS,2021-01-07 08:20:41.125491,DET,G,Jonathan Bernier,,—,,,,,,9.64,1221.25,0.903,2.97,1.73
CBS,2021-01-07 08:20:41.125491,BOS,G,Jaroslav Halak,,—,,,,,,8.78,395.69,0.9179999999999999,2.36,1.31
CBS,2021-01-07 08:20:41.125491,COL,G,Pavel Francouz,,—,,,,,,8.98,403.78,0.912,2.61,1.0
CBS,2021-01-07 08:20:41.125491,EDM,G,Mike Smith,,—,,,,,,8.77,406.56,0.909,2.72,0.91
CBS,2021-01-07 08:20:41.125491,TB,G,Curtis McElhinney,,—,,,,,,8.47,397.23,0.91,2.62,1.01
CBS,2021-01-07 08:20:41.125491,PHI,G,Brian Elliott,,—,,,,,,8.25,403.08,0.912,2.58,1.04
CBS,2021-01-07 08:20:41.125491,VAN,G,Thatcher Demko,,—,,,,,,8.05,414.7,0.914,2.6,1.07
CBS,2021-01-07 08:20:41.125491,LV,G,Marc-Andre Fleury,,—,,,,,,8.26,395.39,0.909,2.65,1.0
CBS,2021-01-07 08:20:41.125491,MIN,G,Kaapo Kahkonen,,—,,,,,,8.12,400.05,0.9109999999999999,2.59,0.99
CBS,2021-01-07 08:20:41.125491,TOR,G,Jack Campbell,,—,,,,,,8.16,404.75,0.9079999999999999,2.72,0.92
CBS,2021-01-07 08:20:41.125491,NYR,G,Alexandar Georgiev,,—,,,,,,8.15,405.92,0.9079999999999999,2.73,0.85
CBS,2021-01-07 08:20:41.125491,CAR,G,James Reimer,,—,,,,,,7.87,410.34,0.9109999999999999,2.67,0.94
CBS,2021-01-07 08:20:41.125491,STL,G,Ville Husso,,—,,,,,,7.99,399.9,0.909,2.65,0.96
CBS,2021-01-07 08:20:41.125491,WAS,G,Vitek Vanecek,,—,,,,,,7.55,399.35,0.9079999999999999,2.68,0.94
CBS,2021-01-07 08:20:41.125491,CGY,G,David Rittich,,—,,,,,,7.49,411.13,0.9059999999999999,2.84,0.79
CBS,2021-01-07 08:20:41.125491,CHI,G,Collin Delia,,—,,,,,,7.28,423.04,0.9079999999999999,2.84,0.8
CBS,2021-01-07 08:20:41.125491,NJ,G,MacKenzie Blackwood,,—,,,,,,7.03,417.07,0.909,2.8,0.85
CBS,2021-01-07 08:20:41.125491,WPG,G,Laurent Brossoit,,—,,,,,,6.95,416.62,0.91,2.75,0.87
CBS,2021-01-07 08:20:41.125491,FLA,G,Chris Driedger,,—,,,,,,6.94,409.79,0.909,2.72,0.88
CBS,2021-01-07 08:20:41.125491,CLB,G,Elvis Merzlikins,,—,,,,,,6.4,410.26,0.9129999999999999,2.6,1.0
CBS,2021-01-07 08:20:41.125491,MON,G,Jake Allen,,—,,,,,,6.49,401.42,0.91,2.64,1.03
CBS,2021-01-07 08:20:41.125491,ARI,G,Antti Raanta,,—,,,,,,6.47,413.43,0.909,2.75,0.88
CBS,2021-01-07 08:20:41.125491,NSH,G,Pekka Rinne,,—,,,,,,6.22,419.59,0.9079999999999999,2.83,0.78
CBS,2021-01-07 08:20:41.125491,BUF,G,Carter Hutton,,—,,,,,,5.68,406.6,0.907,2.79,0.8
CBS,2021-01-07 08:20:41.125491,LA,G,Calvin Petersen,,—,,,,,,5.54,419.14,0.907,2.88,0.72
CBS,2021-01-07 08:20:41.125491,ANA,G,Anthony Stolarz,,—,,,,,,5.22,419.38,0.905,2.95,0.67
CBS,2021-01-07 08:20:41.125491,OTT,G,Marcus Hogberg,,—,,,,,,5.11,416.37,0.905,2.93,0.69
CBS,2021-01-07 08:20:41.125491,SJ,G,Devan Dubnyk,,—,,,,,,4.99,408.62,0.902,2.95,0.68
CBS,2021-01-07 08:20:41.125491,DAL,G,Ben Bishop,,—,,,,,,4.34,276.18,0.91,2.72,0.56
CBS,2021-01-07 08:20:41.125491,DAL,G,Jake Oettinger,,—,,,,,,2.74,161.17,0.914,2.7,0.4
CBS,2021-01-07 08:20:41.125491,DET,G,Thomas Greiss,,—,,,,,,3.09,412.59,0.9,3.04,0.56
CBS,2021-01-07 08:20:41.125491,DAL,G,Colton Point,,—,,,,,,1.66,84.87,0.9179999999999999,2.31,0.29
