source,fetched_at,year,team,position,name,gp,toi,goals,assists,plus_minus,powerplay_points,shots_on_goal,hits,blocks,wins,saves,save_percentage,goals_against_average,shutouts
Yahoo,2021-01-08 17:40:08.774272,2018,Edm,C,Connor McDavid,78.0,22.5,41.0,75.0,3.0,33.0,240.0,39.0,,,,,,
Yahoo,2021-01-08 17:40:08.774272,2018,Col,C,Nathan MacKinnon,82.0,22.05,41.0,58.0,20.0,37.0,365.0,54.0,,,,,,
Yahoo,2021-01-08 17:40:08.774272,2018,Edm,"C,LW",Leon Draisaitl,82.0,22.35,50.0,55.0,2.0,29.0,231.0,57.0,,,,,,
Yahoo,2021-01-08 17:40:08.774272,2018,NYR,LW,Artemi Panarin,79.0,19.51,28.0,59.0,14.0,18.0,191.0,14.0,,,,,,
Yahoo,2021-01-08 17:40:08.774272,2018,Was,LW,Alex Ovechkin,81.0,20.55,51.0,38.0,7.0,28.0,338.0,223.0,,,,,,
Yahoo,2021-01-08 17:40:08.774272,2018,Buf,C,Jack Eichel,77.0,20.26,28.0,54.0,-11.0,26.0,303.0,70.0,,,,,,
Yahoo,2021-01-08 17:40:08.774272,2018,Tor,C,Auston Matthews,68.0,18.33,37.0,36.0,-9.0,20.0,251.0,28.0,,,,,,
Yahoo,2021-01-08 17:40:08.774272,2018,Car,C,Sebastian Aho,82.0,20.09,30.0,53.0,25.0,24.0,243.0,65.0,,,,,,
Yahoo,2021-01-08 17:40:08.774272,2018,Chi,RW,Patrick Kane,81.0,22.29,44.0,66.0,2.0,30.0,341.0,21.0,,,,,,
Yahoo,2021-01-08 17:40:08.774272,2018,Pit,C,Sidney Crosby,79.0,20.59,35.0,65.0,18.0,29.0,220.0,85.0,,,,,,
Yahoo,2021-01-08 17:40:08.774272,2018,Car,"LW,RW",Andrei Svechnikov,82.0,14.38,20.0,17.0,0.0,5.0,189.0,123.0,,,,,,
Yahoo,2021-01-08 17:40:08.774272,2018,NYR,C,Mika Zibanejad,82.0,20.33,30.0,44.0,-12.0,23.0,236.0,134.0,,,,,,
Yahoo,2021-01-08 17:40:08.774272,2018,Col,RW,Mikko Rantanen,74.0,20.5,31.0,56.0,13.0,33.0,193.0,59.0,,,,,,
Yahoo,2021-01-08 17:40:08.774272,2018,Van,C,Elias Pettersson,71.0,18.13,28.0,38.0,3.0,22.0,144.0,42.0,,,,,,
Yahoo,2021-01-08 17:40:08.774272,2018,Tor,RW,Mitchell Marner,82.0,19.49,26.0,68.0,22.0,21.0,233.0,29.0,,,,,,
Yahoo,2021-01-08 17:40:08.774272,2018,TB,D,Victor Hedman,70.0,22.46,12.0,42.0,24.0,25.0,182.0,59.0,,,,,,
Yahoo,2021-01-08 17:40:08.774272,2018,Bos,LW,Brad Marchand,79.0,19.37,36.0,64.0,15.0,34.0,231.0,46.0,,,,,,
Yahoo,2021-01-08 17:40:08.774272,2018,Pit,"LW,RW",Jake Guentzel,82.0,19.21,40.0,36.0,13.0,11.0,227.0,105.0,,,,,,
Yahoo,2021-01-08 17:40:08.774272,2018,Wpg,"LW,RW",Patrik Laine,82.0,17.13,30.0,20.0,-24.0,23.0,245.0,70.0,,,,,,
Yahoo,2021-01-08 17:40:08.774272,2018,TB,C,Brayden Point,79.0,18.55,41.0,51.0,27.0,35.0,191.0,31.0,,,,,,
Yahoo,2021-01-08 17:40:08.774272,2018,TB,"LW,RW",Steven Stamkos,82.0,18.18,45.0,53.0,4.0,40.0,234.0,72.0,,,,,,
Yahoo,2021-01-08 17:40:08.774272,2018,Was,D,John Carlson,80.0,25.03,13.0,57.0,21.0,33.0,185.0,54.0,,,,,,
Yahoo,2021-01-08 17:40:08.774272,2018,Pit,C,Evgeni Malkin,68.0,18.48,21.0,51.0,-25.0,26.0,187.0,54.0,,,,,,
Yahoo,2021-01-08 17:40:08.774272,2018,Fla,LW,Jonathan Huberdeau,82.0,18.51,30.0,62.0,-14.0,34.0,226.0,57.0,,,,,,
Yahoo,2021-01-08 17:40:08.774272,2018,Tor,C,John Tavares,82.0,19.05,47.0,41.0,19.0,19.0,286.0,59.0,,,,,,
Yahoo,2021-01-08 17:40:08.774272,2018,Cgy,"LW,RW",Matthew Tkachuk,80.0,17.35,34.0,43.0,14.0,24.0,207.0,104.0,,,,,,
Yahoo,2021-01-08 17:40:08.774272,2018,VGK,LW,Max Pacioretty,66.0,17.0,22.0,18.0,-13.0,8.0,191.0,119.0,,,,,,
Yahoo,2021-01-08 17:40:08.774272,2018,Col,"C,LW",Gabriel Landeskog,73.0,21.08,34.0,41.0,17.0,27.0,243.0,120.0,,,,,,
Yahoo,2021-01-08 17:40:08.774272,2018,Nsh,D,Roman Josi,82.0,25.09,15.0,41.0,9.0,12.0,274.0,53.0,,,,,,
Yahoo,2021-01-08 17:40:08.774272,2018,Van,"LW,RW",J.T. Miller,75.0,14.39,13.0,34.0,8.0,20.0,108.0,115.0,,,,,,
Yahoo,2021-01-08 17:40:08.774272,2018,Wpg,"C,RW",Blake Wheeler,82.0,20.42,20.0,71.0,0.0,33.0,231.0,81.0,,,,,,
Yahoo,2021-01-08 17:40:08.774272,2018,Ott,LW,Brady Tkachuk,71.0,16.01,22.0,23.0,-10.0,10.0,214.0,174.0,,,,,,
Yahoo,2021-01-08 17:40:08.774272,2018,Bos,C,Patrice Bergeron,65.0,18.28,32.0,47.0,23.0,27.0,205.0,43.0,,,,,,
Yahoo,2021-01-08 17:40:08.774272,2018,Car,D,Dougie Hamilton,82.0,19.4,18.0,21.0,0.0,7.0,259.0,160.0,,,,,,
Yahoo,2021-01-08 17:40:08.774272,2018,VGK,RW,Mark Stone,77.0,19.53,33.0,40.0,17.0,20.0,199.0,72.0,,,,,,
Yahoo,2021-01-08 17:40:08.774272,2018,Car,"LW,RW",Teuvo Teravainen,82.0,17.55,21.0,55.0,30.0,24.0,167.0,35.0,,,,,,
Yahoo,2021-01-08 17:40:08.774272,2018,Fla,C,Aleksander Barkov,82.0,22.21,35.0,61.0,-3.0,31.0,206.0,28.0,,,,,,
Yahoo,2021-01-08 17:40:08.774272,2018,Wpg,C,Mark Scheifele,82.0,21.51,38.0,46.0,8.0,23.0,199.0,54.0,,,,,,
Yahoo,2021-01-08 17:40:08.774272,2018,Bos,RW,David Pastrnak,66.0,18.45,38.0,43.0,6.0,33.0,235.0,57.0,,,,,,
Yahoo,2021-01-08 17:40:08.774272,2018,Cgy,"LW,RW",Johnny Gaudreau,82.0,20.04,36.0,63.0,18.0,27.0,245.0,12.0,,,,,,
Yahoo,2021-01-08 17:40:08.774272,2018,Phi,C,Sean Couturier,80.0,22.07,33.0,43.0,2.0,17.0,223.0,40.0,,,,,,
Yahoo,2021-01-08 17:40:08.774272,2018,Col,D,Cale Makar,,,,,,,,,,,,,,
Yahoo,2021-01-08 17:40:08.774272,2018,StL,C,Ryan O'Reilly,82.0,20.45,28.0,49.0,22.0,22.0,234.0,31.0,,,,,,
Yahoo,2021-01-08 17:40:08.774272,2018,SJ,D,Brent Burns,82.0,25.05,16.0,67.0,13.0,28.0,300.0,90.0,,,,,,
Yahoo,2021-01-08 17:40:08.774272,2018,Buf,LW,Taylor Hall,33.0,19.41,11.0,26.0,-6.0,12.0,113.0,22.0,,,,,,
Yahoo,2021-01-08 17:40:08.774272,2018,Mon,RW,Brendan Gallagher,82.0,16.23,33.0,19.0,10.0,7.0,302.0,126.0,,,,,,
Yahoo,2021-01-08 17:40:08.774272,2018,Was,C,Evgeny Kuznetsov,76.0,18.47,21.0,51.0,7.0,23.0,193.0,46.0,,,,,,
Yahoo,2021-01-08 17:40:08.774272,2018,Cgy,"C,RW",Elias Lindholm,81.0,20.02,27.0,51.0,30.0,26.0,182.0,82.0,,,,,,
Yahoo,2021-01-08 17:40:08.774272,2018,Phi,"C,LW",Claude Giroux,82.0,21.27,22.0,63.0,9.0,23.0,229.0,28.0,,,,,,
Yahoo,2021-01-08 17:40:08.774272,2018,Nsh,LW,Filip Forsberg,64.0,18.36,28.0,22.0,8.0,10.0,217.0,100.0,,,,,,
Yahoo,2021-01-08 17:40:08.774272,2018,SJ,LW,Evander Kane,75.0,18.24,30.0,26.0,-4.0,11.0,268.0,173.0,,,,,,
Yahoo,2021-01-08 17:40:08.774272,2018,VGK,D,Alex Pietrangelo,71.0,24.04,13.0,28.0,2.0,15.0,168.0,62.0,,,,,,
Yahoo,2021-01-08 17:40:08.774272,2018,StL,"C,RW",Brayden Schenn,72.0,18.35,17.0,37.0,3.0,12.0,159.0,111.0,,,,,,
Yahoo,2021-01-08 17:40:08.774272,2018,Wpg,LW,Kyle Connor,82.0,19.15,34.0,32.0,-7.0,19.0,227.0,9.0,,,,,,
Yahoo,2021-01-08 17:40:08.774272,2018,Cls,C,Pierre-Luc Dubois,82.0,17.42,27.0,34.0,16.0,9.0,174.0,115.0,,,,,,
Yahoo,2021-01-08 17:40:08.774272,2018,Was,RW,Tom Wilson,63.0,18.08,22.0,18.0,11.0,5.0,130.0,200.0,,,,,,
Yahoo,2021-01-08 17:40:08.774272,2018,Edm,"C,LW",Ryan Nugent-Hopkins,82.0,20.06,28.0,41.0,-13.0,26.0,208.0,69.0,,,,,,
Yahoo,2021-01-08 17:40:08.774272,2018,Pit,D,Kris Letang,65.0,25.57,16.0,40.0,13.0,19.0,206.0,116.0,,,,,,
Yahoo,2021-01-08 17:40:08.774272,2018,Tor,D,Morgan Rielly,82.0,23.07,20.0,52.0,24.0,21.0,223.0,61.0,,,,,,
Yahoo,2021-01-08 17:40:08.774272,2018,Phi,RW,Travis Konecny,82.0,15.15,24.0,25.0,-4.0,8.0,182.0,65.0,,,,,,
Yahoo,2021-01-08 17:40:08.774272,2018,SJ,"LW,RW",Timo Meier,78.0,16.58,30.0,36.0,9.0,10.0,250.0,99.0,,,,,,
Yahoo,2021-01-08 17:40:08.774272,2018,StL,"LW,RW",Mike Hoffman,82.0,17.5,36.0,34.0,-24.0,35.0,253.0,42.0,,,,,,
Yahoo,2021-01-08 17:40:08.774272,2018,SJ,C,Logan Couture,81.0,18.35,27.0,43.0,-6.0,18.0,204.0,65.0,,,,,,
Yahoo,2021-01-08 17:40:08.774272,2018,NYI,LW,Anders Lee,82.0,17.05,28.0,23.0,20.0,16.0,204.0,103.0,,,,,,
Yahoo,2021-01-08 17:40:08.774272,2018,NYI,C,Mathew Barzal,82.0,17.55,18.0,44.0,-5.0,18.0,179.0,25.0,,,,,,
Yahoo,2021-01-08 17:40:08.774272,2018,Det,C,Dylan Larkin,76.0,21.5,32.0,41.0,-6.0,15.0,287.0,80.0,,,,,,
Yahoo,2021-01-08 17:40:08.774272,2018,Wpg,D,Neal Pionk,73.0,21.09,6.0,20.0,-16.0,13.0,132.0,138.0,,,,,,
Yahoo,2021-01-08 17:40:08.774272,2018,VGK,"C,LW",Jonathan Marchessault,82.0,18.08,25.0,34.0,2.0,16.0,278.0,98.0,,,,,,
Yahoo,2021-01-08 17:40:08.774272,2018,Was,C,Nicklas Backstrom,80.0,19.57,22.0,52.0,2.0,25.0,169.0,54.0,,,,,,
Yahoo,2021-01-08 17:40:08.774272,2018,Col,C,Nazem Kadri,73.0,16.11,16.0,28.0,-2.0,13.0,184.0,85.0,,,,,,
Yahoo,2021-01-08 17:40:08.774272,2018,Edm,RW,Kailer Yamamoto,17.0,13.03,1.0,1.0,-6.0,1.0,13.0,18.0,,,,,,
Yahoo,2021-01-08 17:40:08.774272,2018,Tor,"LW,RW",William Nylander,54.0,15.3,7.0,20.0,-4.0,6.0,130.0,16.0,,,,,,
Yahoo,2021-01-08 17:40:08.774272,2018,LA,C,Anze Kopitar,81.0,22.18,22.0,38.0,-20.0,19.0,156.0,59.0,,,,,,
Yahoo,2021-01-08 17:40:08.774272,2018,StL,D,Torey Krug,64.0,21.18,6.0,47.0,-2.0,30.0,151.0,53.0,,,,,,
Yahoo,2021-01-08 17:40:08.774272,2018,Dal,D,Miro Heiskanen,82.0,23.06,12.0,21.0,-14.0,8.0,182.0,34.0,,,,,,
Yahoo,2021-01-08 17:40:08.774272,2018,Chi,"LW,RW",Alex DeBrincat,82.0,17.42,41.0,35.0,0.0,24.0,220.0,35.0,,,,,,
Yahoo,2021-01-08 17:40:08.774272,2018,NJ,RW,Kyle Palmieri,74.0,18.09,27.0,23.0,-9.0,18.0,224.0,98.0,,,,,,
Yahoo,2021-01-08 17:40:08.774272,2018,Cls,D,Zach Werenski,82.0,22.53,11.0,33.0,-12.0,15.0,168.0,67.0,,,,,,
Yahoo,2021-01-08 17:40:08.774272,2018,NYR,LW,Chris Kreider,79.0,17.24,28.0,24.0,4.0,12.0,201.0,159.0,,,,,,
Yahoo,2021-01-08 17:40:08.774272,2018,Chi,C,Jonathan Toews,82.0,21.0,35.0,46.0,2.0,23.0,235.0,42.0,,,,,,
Yahoo,2021-01-08 17:40:08.774272,2018,Van,RW,Brock Boeser,69.0,19.09,26.0,30.0,-2.0,15.0,209.0,14.0,,,,,,
Yahoo,2021-01-08 17:40:08.774272,2018,Cgy,C,Sean Monahan,78.0,19.03,34.0,48.0,7.0,23.0,211.0,36.0,,,,,,
Yahoo,2021-01-08 17:40:08.774272,2018,Cls,D,Seth Jones,75.0,25.49,9.0,37.0,1.0,10.0,184.0,106.0,,,,,,
Yahoo,2021-01-08 17:40:08.774272,2018,Was,LW,Jakub Vrana,82.0,14.02,24.0,23.0,20.0,4.0,161.0,47.0,,,,,,
Yahoo,2021-01-08 17:40:08.774272,2018,Van,C,Bo Horvat,82.0,20.5,27.0,34.0,-4.0,18.0,227.0,62.0,,,,,,
Yahoo,2021-01-08 17:40:08.774272,2018,Mon,D,Shea Weber,58.0,23.29,14.0,19.0,15.0,6.0,166.0,129.0,,,,,,
Yahoo,2021-01-08 17:40:08.774272,2018,Phi,D,Ivan Provorov,82.0,25.06,7.0,19.0,-16.0,2.0,145.0,123.0,,,,,,
Yahoo,2021-01-08 17:40:08.774272,2018,Dal,"C,LW",Jamie Benn,78.0,18.13,27.0,26.0,14.0,11.0,189.0,142.0,,,,,,
Yahoo,2021-01-08 17:40:08.774272,2018,Dal,"LW,RW",Alexander Radulov,70.0,19.46,29.0,43.0,22.0,23.0,209.0,60.0,,,,,,
Yahoo,2021-01-08 17:40:08.774272,2018,SJ,D,Erik Karlsson,53.0,24.29,3.0,42.0,6.0,20.0,169.0,43.0,,,,,,
Yahoo,2021-01-08 17:40:08.774272,2018,StL,"LW,RW",David Perron,57.0,17.05,23.0,23.0,3.0,14.0,112.0,52.0,,,,,,
Yahoo,2021-01-08 17:40:08.774272,2018,VGK,D,Shea Theodore,79.0,20.06,12.0,25.0,-4.0,9.0,202.0,27.0,,,,,,
Yahoo,2021-01-08 17:40:08.774272,2018,NYR,"C,RW",Ryan Strome,81.0,15.34,19.0,16.0,-3.0,7.0,110.0,76.0,,,,,,
Yahoo,2021-01-08 17:40:08.774272,2018,Min,"LW,RW",Kevin Fiala,83.0,15.38,13.0,26.0,-23.0,11.0,174.0,42.0,,,,,,
Yahoo,2021-01-08 17:40:08.774272,2018,Mon,D,Jeff Petry,82.0,23.07,13.0,33.0,-5.0,11.0,172.0,190.0,,,,,,
Yahoo,2021-01-08 17:40:08.774272,2018,StL,LW,Jaden Schwartz,69.0,18.07,11.0,25.0,-6.0,5.0,183.0,61.0,,,,,,
Yahoo,2021-01-08 17:40:08.774272,2018,Van,D,Quinn Hughes,5.0,18.04,0.0,3.0,0.0,2.0,6.0,1.0,,,,,,
Yahoo,2021-01-08 17:40:08.774272,2018,Fla,RW,Patric Hornqvist,69.0,15.28,18.0,19.0,-3.0,12.0,197.0,150.0,,,,,,
Yahoo,2021-01-08 17:40:08.774272,2018,Chi,"LW,RW",Dominik Kubalik,,,,,,,,,,,,,,
Yahoo,2021-01-08 17:40:08.774272,2018,SJ,"C,LW",Tomas Hertl,77.0,19.01,35.0,39.0,5.0,15.0,176.0,53.0,,,,,,
Yahoo,2021-01-08 17:40:08.774272,2018,Buf,D,Rasmus Dahlin,82.0,21.09,9.0,35.0,-13.0,20.0,177.0,97.0,,,,,,
Yahoo,2021-01-08 17:40:08.774272,2018,Was,RW,T.J. Oshie,69.0,18.36,25.0,29.0,5.0,14.0,143.0,133.0,,,,,,
Yahoo,2021-01-08 17:40:08.774272,2018,NYR,LW,Alexis Lafreniere,,,,,,,,,,,,,,
Yahoo,2021-01-08 17:40:08.774272,2018,TB,LW,Ondrej Palat,64.0,14.53,8.0,26.0,4.0,8.0,100.0,104.0,,,,,,
Yahoo,2021-01-08 17:40:08.774272,2018,TB,"LW,RW",Blake Coleman,78.0,17.0,22.0,14.0,-19.0,3.0,213.0,225.0,,,,,,
Yahoo,2021-01-08 17:40:08.774272,2018,Cls,"C,LW",Max Domi,82.0,17.22,28.0,44.0,20.0,11.0,203.0,53.0,,,,,,
Yahoo,2021-01-08 17:40:08.774272,2018,Cls,RW,Cam Atkinson,80.0,19.22,41.0,28.0,3.0,14.0,295.0,27.0,,,,,,
Yahoo,2021-01-08 17:40:08.774272,2018,VGK,RW,Reilly Smith,74.0,18.16,19.0,34.0,13.0,14.0,178.0,39.0,,,,,,
Yahoo,2021-01-08 17:40:08.774272,2018,Ari,D,Oliver Ekman-Larsson,81.0,23.38,14.0,30.0,-16.0,19.0,176.0,162.0,,,,,,
Yahoo,2021-01-08 17:40:08.774272,2018,NYR,D,Tony DeAngelo,61.0,19.19,4.0,26.0,6.0,10.0,111.0,54.0,,,,,,
Yahoo,2021-01-08 17:40:08.774272,2018,NYI,C,Brock Nelson,82.0,17.58,25.0,28.0,20.0,8.0,181.0,51.0,,,,,,
Yahoo,2021-01-08 17:40:08.774272,2018,Buf,"LW,RW",Victor Olofsson,6.0,18.01,2.0,2.0,1.0,2.0,21.0,2.0,,,,,,
Yahoo,2021-01-08 17:40:08.774272,2018,NYI,D,Ryan Pulock,82.0,22.21,9.0,28.0,21.0,9.0,180.0,143.0,,,,,,
Yahoo,2021-01-08 17:40:08.774272,2018,TB,C,Anthony Cirelli,82.0,14.5,19.0,20.0,25.0,1.0,123.0,94.0,,,,,,
Yahoo,2021-01-08 17:40:08.774272,2018,Mon,RW,Josh Anderson,82.0,17.01,27.0,20.0,25.0,7.0,230.0,214.0,,,,,,
Yahoo,2021-01-08 17:40:08.774272,2018,Nsh,"C,RW",Matt Duchene,73.0,18.5,31.0,39.0,-3.0,14.0,172.0,28.0,,,,,,
Yahoo,2021-01-08 17:40:08.774272,2018,Bos,D,Charlie McAvoy,54.0,22.1,7.0,21.0,14.0,2.0,79.0,92.0,,,,,,
Yahoo,2021-01-08 17:40:08.774272,2018,Mon,"LW,RW",Tomas Tatar,80.0,16.24,25.0,33.0,21.0,8.0,195.0,77.0,,,,,,
Yahoo,2021-01-08 17:40:08.774272,2018,Dal,D,John Klingberg,64.0,24.31,10.0,35.0,6.0,20.0,153.0,42.0,,,,,,
Yahoo,2021-01-08 17:40:08.774272,2018,Edm,D,Tyson Barrie,78.0,21.46,14.0,45.0,-3.0,25.0,218.0,48.0,,,,,,
Yahoo,2021-01-08 17:40:08.774272,2018,Nsh,"LW,RW",Viktor Arvidsson,58.0,19.08,34.0,14.0,12.0,4.0,195.0,18.0,,,,,,
Yahoo,2021-01-08 17:40:08.774272,2018,Buf,"C,RW",Sam Reinhart,82.0,18.57,22.0,43.0,-10.0,15.0,180.0,38.0,,,,,,
Yahoo,2021-01-08 17:40:08.774272,2018,Mon,"LW,RW",Tyler Toffoli,82.0,17.12,13.0,21.0,-16.0,5.0,226.0,39.0,,,,,,
Yahoo,2021-01-08 17:40:08.774272,2018,NYR,D,Adam Fox,,,,,,,,,,,,,,
Yahoo,2021-01-08 17:40:08.774272,2018,LA,RW,Dustin Brown,72.0,20.24,22.0,29.0,-17.0,12.0,180.0,150.0,,,,,,
Yahoo,2021-01-08 17:40:08.774272,2018,Ott,D,Thomas Chabot,70.0,24.17,14.0,41.0,-12.0,16.0,185.0,71.0,,,,,,
Yahoo,2021-01-08 17:40:08.774272,2018,Ott,"LW,RW",Evgenii Dadonov,82.0,18.22,28.0,42.0,-6.0,17.0,195.0,33.0,,,,,,
Yahoo,2021-01-08 17:40:08.774272,2018,Buf,D,Rasmus Ristolainen,78.0,24.38,5.0,38.0,-41.0,17.0,182.0,235.0,,,,,,
Yahoo,2021-01-08 17:40:08.774272,2018,Cls,"LW,RW",Oliver Bjorkstrand,77.0,12.2,23.0,13.0,8.0,3.0,161.0,43.0,,,,,,
Yahoo,2021-01-08 17:40:08.774272,2018,VGK,C,William Karlsson,82.0,18.5,24.0,32.0,1.0,14.0,169.0,51.0,,,,,,
Yahoo,2021-01-08 17:40:08.774272,2018,NJ,C,Nico Hischier,69.0,18.06,17.0,30.0,0.0,11.0,160.0,53.0,,,,,,
Yahoo,2021-01-08 17:40:08.774272,2018,Nsh,D,Ryan Ellis,82.0,24.0,7.0,34.0,21.0,5.0,149.0,71.0,,,,,,
Yahoo,2021-01-08 17:40:08.774272,2018,Cgy,D,Mark Giordano,78.0,24.14,17.0,57.0,39.0,21.0,221.0,58.0,,,,,,
Yahoo,2021-01-08 17:40:08.774272,2018,Min,LW,Kirill Kaprizov,,,,,,,,,,,,,,
Yahoo,2021-01-08 17:40:08.774272,2018,Anh,"LW,RW",Rickard Rakell,69.0,18.28,18.0,25.0,-13.0,13.0,194.0,82.0,,,,,,
Yahoo,2021-01-08 17:40:08.774272,2018,Buf,LW,Jeff Skinner,82.0,18.31,40.0,23.0,0.0,16.0,268.0,31.0,,,,,,
Yahoo,2021-01-08 17:40:08.774272,2018,Pit,"LW,RW",Bryan Rust,72.0,15.54,18.0,17.0,10.0,0.0,141.0,119.0,,,,,,
Yahoo,2021-01-08 17:40:08.774272,2018,Edm,D,Darnell Nurse,82.0,23.49,10.0,31.0,-5.0,9.0,196.0,162.0,,,,,,
Yahoo,2021-01-08 17:40:08.774272,2018,NYR,D,Jacob Trouba,82.0,22.52,8.0,42.0,8.0,18.0,162.0,112.0,,,,,,
Yahoo,2021-01-08 17:40:08.774272,2018,Wpg,"LW,RW",Nikolaj Ehlers,62.0,15.45,21.0,16.0,2.0,7.0,158.0,27.0,,,,,,
Yahoo,2021-01-08 17:40:08.774272,2018,NJ,"C,LW",Jack Hughes,,,,,,,,,,,,,,
Yahoo,2021-01-08 17:40:08.774272,2018,Det,"LW,RW",Anthony Mantha,67.0,17.49,25.0,23.0,-8.0,13.0,198.0,67.0,,,,,,
Yahoo,2021-01-08 17:40:08.774272,2018,Mon,C,Phillip Danault,81.0,17.46,12.0,41.0,17.0,4.0,132.0,95.0,,,,,,
Yahoo,2021-01-08 17:40:08.774272,2018,Pit,"LW,RW",Brandon Tanev,80.0,14.06,14.0,15.0,9.0,0.0,127.0,278.0,,,,,,
Yahoo,2021-01-08 17:40:08.774272,2018,TB,D,Mikhail Sergachev,75.0,17.55,6.0,26.0,12.0,6.0,128.0,97.0,,,,,,
Yahoo,2021-01-08 17:40:08.774272,2018,Cls,"LW,RW",Nick Foligno,73.0,17.42,17.0,18.0,12.0,4.0,141.0,175.0,,,,,,
Yahoo,2021-01-08 17:40:08.774272,2018,Fla,D,Aaron Ekblad,82.0,23.38,13.0,24.0,1.0,10.0,180.0,114.0,,,,,,
Yahoo,2021-01-08 17:40:08.774272,2018,StL,RW,Vladimir Tarasenko,76.0,18.23,33.0,35.0,8.0,22.0,275.0,88.0,,,,,,
Yahoo,2021-01-08 17:40:08.774272,2018,Tor,"C,LW",Zach Hyman,71.0,17.16,21.0,20.0,16.0,0.0,144.0,102.0,,,,,,
Yahoo,2021-01-08 17:40:08.774272,2018,Fla,D,Keith Yandle,82.0,22.26,9.0,53.0,-17.0,39.0,199.0,47.0,,,,,,
Yahoo,2021-01-08 17:40:08.774272,2018,LA,D,Drew Doughty,82.0,26.35,8.0,37.0,-34.0,24.0,154.0,168.0,,,,,,
Yahoo,2021-01-08 17:40:08.774272,2018,Ari,LW,Lawson Crouse,81.0,12.56,11.0,14.0,5.0,0.0,131.0,288.0,,,,,,
Yahoo,2021-01-08 17:40:08.774272,2018,StL,D,Colton Parayko,80.0,22.47,10.0,18.0,20.0,8.0,176.0,127.0,,,,,,
Yahoo,2021-01-08 17:40:08.774272,2018,Buf,C,Eric Staal,81.0,18.07,22.0,30.0,-7.0,15.0,215.0,41.0,,,,,,
Yahoo,2021-01-08 17:40:08.774272,2018,Phi,C,Kevin Hayes,71.0,18.16,19.0,35.0,-2.0,11.0,156.0,58.0,,,,,,
Yahoo,2021-01-08 17:40:08.774272,2018,Phi,RW,Jakub Voracek,78.0,18.4,20.0,46.0,-16.0,18.0,210.0,17.0,,,,,,
Yahoo,2021-01-08 17:40:08.774272,2018,Mon,"C,RW",Nick Suzuki,,,,,,,,,,,,,,
Yahoo,2021-01-08 17:40:08.774272,2018,Min,LW,Zach Parise,74.0,18.4,28.0,33.0,-2.0,16.0,229.0,49.0,,,,,,
Yahoo,2021-01-08 17:40:08.774272,2018,Det,"LW,RW",Tyler Bertuzzi,73.0,16.3,21.0,26.0,11.0,6.0,131.0,76.0,,,,,,
Yahoo,2021-01-08 17:40:08.774272,2018,Pit,"LW,RW",Jason Zucker,81.0,17.04,21.0,21.0,-9.0,14.0,214.0,87.0,,,,,,
Yahoo,2021-01-08 17:40:08.774272,2018,Ari,RW,Phil Kessel,82.0,17.58,27.0,55.0,-19.0,36.0,215.0,12.0,,,,,,
Yahoo,2021-01-08 17:40:08.774272,2018,Col,"LW,RW",Andre Burakovsky,76.0,11.07,12.0,13.0,2.0,1.0,100.0,35.0,,,,,,
Yahoo,2021-01-08 17:40:08.774272,2018,Bos,RW,Craig Smith,76.0,15.07,21.0,17.0,11.0,8.0,205.0,77.0,,,,,,
Yahoo,2021-01-08 17:40:08.774272,2018,Min,D,Ryan Suter,82.0,26.41,7.0,40.0,-8.0,15.0,136.0,78.0,,,,,,
Yahoo,2021-01-08 17:40:08.774272,2018,Dal,"LW,RW",Denis Gurianov,21.0,10.52,1.0,3.0,-3.0,1.0,23.0,23.0,,,,,,
Yahoo,2021-01-08 17:40:08.774272,2018,Nsh,C,Ryan Johansen,80.0,19.33,14.0,50.0,7.0,16.0,136.0,95.0,,,,,,
Yahoo,2021-01-08 17:40:08.774272,2018,Ari,"LW,RW",Clayton Keller,82.0,18.14,14.0,33.0,-21.0,19.0,200.0,16.0,,,,,,
Yahoo,2021-01-08 17:40:08.774272,2018,Van,LW,Tanner Pearson,80.0,14.03,18.0,9.0,-15.0,5.0,147.0,128.0,,,,,,
Yahoo,2021-01-08 17:40:08.774272,2018,Min,D,Matt Dumba,32.0,23.22,12.0,10.0,-5.0,12.0,93.0,60.0,,,,,,
Yahoo,2021-01-08 17:40:08.774272,2018,NJ,"LW,RW",Nikita Gusev,,,,,,,,,,,,,,
Yahoo,2021-01-08 17:40:08.774272,2018,NYR,RW,Pavel Buchnevich,64.0,15.1,21.0,17.0,-10.0,12.0,119.0,60.0,,,,,,
Yahoo,2021-01-08 17:40:08.774272,2018,Col,D,Ryan Graves,26.0,11.06,3.0,2.0,4.0,0.0,26.0,32.0,,,,,,
Yahoo,2021-01-08 17:40:08.774272,2018,VGK,RW,Ryan Reaves,80.0,10.52,9.0,11.0,1.0,3.0,95.0,305.0,,,,,,
Yahoo,2021-01-08 17:40:08.774272,2018,Cgy,"C,RW",Mikael Backlund,77.0,17.53,21.0,26.0,34.0,2.0,205.0,52.0,,,,,,
Yahoo,2021-01-08 17:40:08.774272,2018,Wpg,C,Paul Stastny,50.0,18.06,13.0,29.0,14.0,4.0,103.0,35.0,,,,,,
Yahoo,2021-01-08 17:40:08.774272,2018,Car,C,Vincent Trocheck,55.0,19.39,10.0,24.0,-9.0,13.0,158.0,112.0,,,,,,
Yahoo,2021-01-08 17:40:08.774272,2018,Dal,"C,LW",Roope Hintz,58.0,14.03,9.0,13.0,-11.0,6.0,99.0,87.0,,,,,,
Yahoo,2021-01-08 17:40:08.774272,2018,Car,C,Jordan Staal,50.0,18.17,11.0,17.0,6.0,2.0,121.0,122.0,,,,,,
Yahoo,2021-01-08 17:40:08.774272,2018,Bos,C,David Krejci,81.0,17.4,20.0,53.0,7.0,16.0,139.0,28.0,,,,,,
Yahoo,2021-01-08 17:40:08.774272,2018,NYI,"LW,RW",Josh Bailey,82.0,16.49,16.0,40.0,8.0,14.0,126.0,19.0,,,,,,
Yahoo,2021-01-08 17:40:08.774272,2018,TB,"LW,RW",Alex Killorn,82.0,14.52,18.0,22.0,22.0,5.0,153.0,88.0,,,,,,
Yahoo,2021-01-08 17:40:08.774272,2018,NYR,RW,Kaapo Kakko,,,,,,,,,,,,,,
Yahoo,2021-01-08 17:40:08.774272,2018,NYI,C,Jean-Gabriel Pageau,39.0,17.5,4.0,8.0,-12.0,0.0,83.0,63.0,,,,,,
Yahoo,2021-01-08 17:40:08.774272,2018,Dal,"C,RW",Tyler Seguin,82.0,20.44,33.0,47.0,17.0,27.0,334.0,74.0,,,,,,
Yahoo,2021-01-08 17:40:08.774272,2018,Van,D,Nate Schmidt,61.0,21.57,9.0,21.0,22.0,8.0,112.0,37.0,,,,,,
Yahoo,2021-01-08 17:40:08.774272,2018,VGK,"LW,RW",William Carrier,54.0,9.56,8.0,1.0,-4.0,0.0,85.0,277.0,,,,,,
Yahoo,2021-01-08 17:40:08.774272,2018,Cls,"C,LW",Boone Jenner,77.0,17.03,16.0,22.0,6.0,3.0,170.0,158.0,,,,,,
Yahoo,2021-01-08 17:40:08.774272,2018,Tor,D,Jake Muzzin,80.0,21.2,9.0,28.0,21.0,5.0,141.0,172.0,,,,,,
Yahoo,2021-01-08 17:40:08.774272,2018,Dal,RW,Joel Kiviranta,,,,,,,,,,,,,,
Yahoo,2021-01-08 17:40:08.774272,2018,TB,D,Erik Cernak,58.0,19.15,5.0,11.0,25.0,1.0,107.0,198.0,,,,,,
Yahoo,2021-01-08 17:40:08.774272,2018,Chi,"C,RW",Dylan Strome,78.0,16.09,20.0,37.0,-8.0,16.0,145.0,13.0,,,,,,
Yahoo,2021-01-08 17:40:08.774272,2018,Tor,LW,Nicholas Robertson,,,,,,,,,,,,,,
Yahoo,2021-01-08 17:40:08.774272,2018,Mon,RW,Joel Armia,57.0,15.47,13.0,10.0,0.0,6.0,134.0,113.0,,,,,,
Yahoo,2021-01-08 17:40:08.774272,2018,Anh,D,Kevin Shattenkirk,73.0,18.56,2.0,26.0,-15.0,7.0,148.0,73.0,,,,,,
Yahoo,2021-01-08 17:40:08.774272,2018,Dal,"C,RW",Joe Pavelski,75.0,19.02,38.0,26.0,-4.0,21.0,188.0,69.0,,,,,,
Yahoo,2021-01-08 17:40:08.774272,2018,VGK,"LW,RW",Alex Tuch,74.0,16.43,20.0,32.0,13.0,6.0,180.0,92.0,,,,,,
Yahoo,2021-01-08 17:40:08.774272,2018,Mon,"C,LW",Jonathan Drouin,81.0,16.55,18.0,35.0,-8.0,16.0,190.0,55.0,,,,,,
Yahoo,2021-01-08 17:40:08.774272,2018,NYI,LW,Anthony Beauvillier,81.0,14.38,18.0,10.0,1.0,2.0,156.0,87.0,,,,,,
Yahoo,2021-01-08 17:40:08.774272,2018,Min,"LW,RW",Marcus Foligno,82.0,11.58,7.0,12.0,-1.0,1.0,91.0,206.0,,,,,,
Yahoo,2021-01-08 17:40:08.774272,2018,Pit,"LW,RW",Kasperi Kapanen,78.0,16.36,20.0,24.0,12.0,3.0,174.0,92.0,,,,,,
Yahoo,2021-01-08 17:40:08.774272,2018,Phi,LW,James van Riemsdyk,66.0,16.36,27.0,21.0,-10.0,13.0,167.0,34.0,,,,,,
Yahoo,2021-01-08 17:40:08.774272,2018,Col,"LW,RW",Brandon Saad,80.0,17.41,23.0,24.0,-9.0,6.0,195.0,52.0,,,,,,
Yahoo,2021-01-08 17:40:08.774272,2018,Car,D,Jaccob Slavin,82.0,23.02,8.0,23.0,0.0,7.0,146.0,70.0,,,,,,
Yahoo,2021-01-08 17:40:08.774272,2018,Cgy,LW,Milan Lucic,79.0,13.14,6.0,14.0,-9.0,4.0,74.0,259.0,,,,,,
Yahoo,2021-01-08 17:40:08.774272,2018,Bos,"C,RW",Charlie Coyle,81.0,16.46,12.0,22.0,-1.0,4.0,155.0,77.0,,,,,,
Yahoo,2021-01-08 17:40:08.774272,2018,Ott,LW,Tim Stuetzle,,,,,,,,,,,,,,
Yahoo,2021-01-08 17:40:08.774272,2018,Fla,"LW,RW",Frank Vatrano,81.0,14.39,24.0,15.0,-10.0,8.0,208.0,139.0,,,,,,
Yahoo,2021-01-08 17:40:08.774272,2018,Chi,C,Kirby Dach,,,,,,,,,,,,,,
Yahoo,2021-01-08 17:40:08.774272,2018,Det,D,Filip Hronek,46.0,19.57,5.0,18.0,-10.0,5.0,73.0,66.0,,,,,,
Yahoo,2021-01-08 17:40:08.774272,2018,Nsh,"LW,RW",Mikael Granlund,79.0,18.2,16.0,38.0,-8.0,20.0,189.0,46.0,,,,,,
Yahoo,2021-01-08 17:40:08.774272,2018,Cgy,"LW,RW",Andrew Mangiapane,44.0,10.32,8.0,5.0,11.0,0.0,65.0,43.0,,,,,,
Yahoo,2021-01-08 17:40:08.774272,2018,Min,"C,RW",Nick Bjugstad,64.0,15.07,14.0,12.0,6.0,6.0,154.0,126.0,,,,,,
Yahoo,2021-01-08 17:40:08.774272,2018,TB,"C,RW",Tyler Johnson,80.0,15.56,29.0,18.0,15.0,8.0,163.0,50.0,,,,,,
Yahoo,2021-01-08 17:40:08.774272,2018,Ari,"C,RW",Nick Schmaltz,40.0,17.49,7.0,18.0,-12.0,8.0,62.0,5.0,,,,,,
Yahoo,2021-01-08 17:40:08.774272,2018,NYI,RW,Jordan Eberle,78.0,16.31,19.0,18.0,-6.0,12.0,160.0,36.0,,,,,,
Yahoo,2021-01-08 17:40:08.774272,2018,Anh,C,Ryan Getzlaf,67.0,19.27,14.0,34.0,-19.0,11.0,133.0,150.0,,,,,,
Yahoo,2021-01-08 17:40:08.774272,2018,Min,D,Jared Spurgeon,82.0,24.08,14.0,29.0,-1.0,11.0,152.0,91.0,,,,,,
Yahoo,2021-01-08 17:40:08.774272,2018,Col,D,Samuel Girard,82.0,19.53,4.0,23.0,8.0,9.0,116.0,65.0,,,,,,
Yahoo,2021-01-08 17:40:08.774272,2018,Anh,"C,LW",Adam Henrique,82.0,16.27,18.0,24.0,-5.0,13.0,122.0,78.0,,,,,,
Yahoo,2021-01-08 17:40:08.774272,2018,TB,"LW,RW",Yanni Gourde,80.0,15.5,22.0,26.0,9.0,9.0,130.0,83.0,,,,,,
Yahoo,2021-01-08 17:40:08.774272,2018,Chi,"C,LW",Carl Soderberg,82.0,17.26,23.0,26.0,-5.0,10.0,188.0,99.0,,,,,,
Yahoo,2021-01-08 17:40:08.774272,2018,Mon,"LW,RW",Artturi Lehkonen,82.0,15.33,11.0,20.0,10.0,0.0,176.0,120.0,,,,,,
Yahoo,2021-01-08 17:40:08.774272,2018,Pit,"C,LW",Jared McCann,78.0,14.31,19.0,16.0,-1.0,3.0,150.0,77.0,,,,,,
Yahoo,2021-01-08 17:40:08.774272,2018,Nsh,D,Mattias Ekholm,80.0,23.21,8.0,36.0,27.0,7.0,146.0,68.0,,,,,,
Yahoo,2021-01-08 17:40:08.774272,2018,LA,C,Quinton Byfield,,,,,,,,,,,,,,
Yahoo,2021-01-08 17:40:08.774272,2018,Bos,"LW,RW",Jake DeBrusk,68.0,16.09,27.0,15.0,2.0,11.0,156.0,45.0,,,,,,
Yahoo,2021-01-08 17:40:08.774272,2018,Ari,"LW,RW",Conor Garland,47.0,12.47,13.0,5.0,1.0,6.0,118.0,33.0,,,,,,
Yahoo,2021-01-08 17:40:08.774272,2018,VGK,"C,RW",Cody Glass,,,,,,,,,,,,,,
Yahoo,2021-01-08 17:40:08.774272,2018,SJ,"LW,RW",Kevin Labanc,82.0,14.01,17.0,39.0,-1.0,20.0,130.0,66.0,,,,,,
Yahoo,2021-01-08 17:40:08.774272,2018,Edm,RW,Jesse Puljujarvi,46.0,11.57,4.0,5.0,-14.0,1.0,53.0,46.0,,,,,,
Yahoo,2021-01-08 17:40:08.774272,2018,Fla,"LW,RW",Anthony Duclair,74.0,12.42,19.0,14.0,-2.0,8.0,132.0,32.0,,,,,,
Yahoo,2021-01-08 17:40:08.774272,2018,NJ,"LW,RW",Andreas Johnsson,73.0,13.4,20.0,23.0,14.0,6.0,130.0,60.0,,,,,,
Yahoo,2021-01-08 17:40:08.774272,2018,Van,D,Alexander Edler,56.0,24.34,10.0,24.0,3.0,17.0,128.0,127.0,,,,,,
Yahoo,2021-01-08 17:40:08.774272,2018,Col,D,Devon Toews,48.0,17.53,5.0,13.0,7.0,4.0,81.0,24.0,,,,,,
Yahoo,2021-01-08 17:40:08.774272,2018,Car,"LW,RW",Nino Niederreiter,82.0,16.13,23.0,30.0,-4.0,15.0,184.0,94.0,,,,,,
Yahoo,2021-01-08 17:40:08.774272,2018,Chi,D,Duncan Keith,82.0,23.01,6.0,34.0,13.0,3.0,141.0,42.0,,,,,,
Yahoo,2021-01-08 17:40:08.774272,2018,VGK,D,Alec Martinez,60.0,21.21,4.0,14.0,-2.0,2.0,78.0,78.0,,,,,,
Yahoo,2021-01-08 17:40:08.774272,2018,Mon,D,Ben Chiarot,78.0,18.36,5.0,15.0,6.0,0.0,111.0,171.0,,,,,,
Yahoo,2021-01-08 17:40:08.774272,2018,Car,"C,RW",Martin Necas,7.0,10.01,1.0,1.0,0.0,0.0,6.0,3.0,,,,,,
Yahoo,2021-01-08 17:40:08.774272,2018,Min,RW,Mats Zuccarello,48.0,19.51,12.0,28.0,-8.0,15.0,104.0,57.0,,,,,,
Yahoo,2021-01-08 17:40:08.774272,2018,LA,C,Alex Turcotte,,,,,,,,,,,,,,
Yahoo,2021-01-08 17:40:08.774272,2018,Chi,"C,RW",Andrew Shaw,63.0,15.54,19.0,28.0,17.0,6.0,135.0,128.0,,,,,,
Yahoo,2021-01-08 17:40:08.774272,2018,Dal,D,Esa Lindell,82.0,24.19,11.0,21.0,14.0,7.0,132.0,143.0,,,,,,
Yahoo,2021-01-08 17:40:08.774272,2018,Tor,LW,Ilya Mikheyev,,,,,,,,,,,,,,
Yahoo,2021-01-08 17:40:08.774272,2018,Ari,D,Jakob Chychrun,53.0,20.15,5.0,15.0,-12.0,8.0,117.0,74.0,,,,,,
Yahoo,2021-01-08 17:40:08.774272,2018,Was,D,Justin Schultz,29.0,20.3,2.0,13.0,0.0,6.0,47.0,25.0,,,,,,
Yahoo,2021-01-08 17:40:08.774272,2018,Chi,"C,LW",Brandon Pirri,31.0,14.26,12.0,6.0,7.0,4.0,82.0,29.0,,,,,,
Yahoo,2021-01-08 17:40:08.774272,2018,Chi,D,Nikita Zadorov,70.0,17.12,7.0,7.0,19.0,0.0,100.0,228.0,,,,,,
Yahoo,2021-01-08 17:40:08.774272,2018,Ott,"C,LW",Alex Galchenyuk,72.0,15.43,19.0,22.0,-19.0,21.0,159.0,62.0,,,,,,
Yahoo,2021-01-08 17:40:08.774272,2018,Bos,"LW,RW",Chris Wagner,76.0,13.27,12.0,7.0,3.0,0.0,135.0,247.0,,,,,,
Yahoo,2021-01-08 17:40:08.774272,2018,TB,"C,LW",Barclay Goodrow,82.0,11.0,7.0,9.0,4.0,0.0,84.0,125.0,,,,,,
Yahoo,2021-01-08 17:40:08.774272,2018,Ari,"C,RW",Derick Brassard,70.0,14.59,14.0,9.0,-19.0,5.0,110.0,102.0,,,,,,
Yahoo,2021-01-08 17:40:08.774272,2018,Det,"LW,RW",Vladislav Namestnikov,78.0,15.47,11.0,20.0,-7.0,3.0,119.0,140.0,,,,,,
Yahoo,2021-01-08 17:40:08.774272,2018,NJ,"LW,RW",Jesper Bratt,51.0,15.1,8.0,25.0,-8.0,8.0,91.0,36.0,,,,,,
Yahoo,2021-01-08 17:40:08.774272,2018,NJ,LW,Miles Wood,63.0,13.41,10.0,14.0,-10.0,3.0,159.0,97.0,,,,,,
Yahoo,2021-01-08 17:40:08.774272,2018,Edm,"LW,RW",James Neal,63.0,14.57,7.0,12.0,-5.0,6.0,141.0,46.0,,,,,,
Yahoo,2021-01-08 17:40:08.774272,2018,Ari,"C,LW",Barrett Hayton,,,,,,,,,,,,,,
Yahoo,2021-01-08 17:40:08.774272,2018,LA,C,Gabriel Vilardi,,,,,,,,,,,,,,
Yahoo,2021-01-08 17:40:08.774272,2018,Was,D,Dmitry Orlov,82.0,21.38,3.0,26.0,3.0,1.0,101.0,137.0,,,,,,
Yahoo,2021-01-08 17:40:08.774272,2018,Anh,RW,Jakob Silfverberg,73.0,17.05,24.0,19.0,-9.0,11.0,163.0,38.0,,,,,,
Yahoo,2021-01-08 17:40:08.774272,2018,Bos,RW,Ondrej Kase,30.0,15.39,11.0,9.0,0.0,4.0,94.0,17.0,,,,,,
Yahoo,2021-01-08 17:40:08.774272,2018,LA,LW,Alex Iafallo,82.0,16.49,15.0,18.0,-17.0,6.0,148.0,87.0,,,,,,
Yahoo,2021-01-08 17:40:08.774272,2018,Was,RW,Garnet Hathaway,76.0,10.31,11.0,8.0,14.0,0.0,77.0,200.0,,,,,,
Yahoo,2021-01-08 17:40:08.774272,2018,Was,C,Lars Eller,81.0,16.32,13.0,23.0,-1.0,3.0,163.0,69.0,,,,,,
Yahoo,2021-01-08 17:40:08.774272,2018,Car,"LW,RW",Ryan Dzingel,78.0,16.48,26.0,30.0,-9.0,11.0,159.0,54.0,,,,,,
Yahoo,2021-01-08 17:40:08.774272,2018,Ott,"LW,RW",Connor Brown,82.0,13.47,8.0,21.0,11.0,1.0,85.0,35.0,,,,,,
Yahoo,2021-01-08 17:40:08.774272,2018,LA,"LW,RW",Andreas Athanasiou,76.0,16.58,30.0,24.0,-9.0,11.0,216.0,33.0,,,,,,
Yahoo,2021-01-08 17:40:08.774272,2018,Car,RW,Jesper Fast,66.0,15.43,8.0,12.0,-3.0,0.0,80.0,120.0,,,,,,
Yahoo,2021-01-08 17:40:08.774272,2018,Col,"LW,RW",Valeri Nichushkin,57.0,11.55,0.0,10.0,-4.0,0.0,65.0,71.0,,,,,,
Yahoo,2021-01-08 17:40:08.774272,2018,TB,"C,RW",Cory Conacher,1.0,8.35,0.0,0.0,0.0,0.0,1.0,0.0,,,,,,
Yahoo,2021-01-08 17:40:08.774272,2018,NYI,"LW,RW",Dmytro Timashov,,,,,,,,,,,,,,
Yahoo,2021-01-08 17:40:08.774272,2018,Chi,D,Calvin de Haan,74.0,18.3,1.0,13.0,1.0,0.0,102.0,187.0,,,,,,
Yahoo,2021-01-08 17:40:08.774272,2018,Cls,"LW,RW",Gustav Nyquist,81.0,17.31,22.0,38.0,1.0,12.0,204.0,36.0,,,,,,
Yahoo,2021-01-08 17:40:08.774272,2018,StL,D,Vince Dunn,78.0,17.31,12.0,23.0,14.0,8.0,150.0,48.0,,,,,,
Yahoo,2021-01-08 17:40:08.774272,2018,Van,RW,Jake Virtanen,70.0,14.49,15.0,10.0,-4.0,2.0,154.0,154.0,,,,,,
Yahoo,2021-01-08 17:40:08.774272,2018,Anh,C,Trevor Zegras,,,,,,,,,,,,,,
Yahoo,2021-01-08 17:40:08.774272,2018,LA,D,Matt Roy,25.0,17.07,2.0,4.0,-1.0,0.0,34.0,38.0,,,,,,
Yahoo,2021-01-08 17:40:08.774272,2018,Car,D,Klas Dahlbeck,,,,,,,,,,,,,,
Yahoo,2021-01-08 17:40:08.774272,2018,Det,"LW,RW",Filip Zadina,9.0,15.23,1.0,2.0,-5.0,2.0,18.0,6.0,,,,,,
Yahoo,2021-01-08 17:40:08.774272,2018,Wpg,D,Josh Morrissey,59.0,22.24,6.0,25.0,9.0,10.0,95.0,55.0,,,,,,
Yahoo,2021-01-08 17:40:08.774272,2018,Fla,D,Radko Gudas,77.0,17.52,4.0,16.0,6.0,0.0,136.0,255.0,,,,,,
Yahoo,2021-01-08 17:40:08.774272,2018,Edm,RW,Zack Kassian,79.0,14.48,15.0,11.0,-6.0,0.0,111.0,191.0,,,,,,
Yahoo,2021-01-08 17:40:08.774272,2018,NYI,LW,Matt Martin,67.0,11.26,6.0,8.0,5.0,0.0,62.0,275.0,,,,,,
Yahoo,2021-01-08 17:40:08.774272,2018,Min,"C,LW",Marcus Johansson,58.0,15.55,13.0,17.0,-16.0,9.0,115.0,28.0,,,,,,
Yahoo,2021-01-08 17:40:08.774272,2018,NYI,"C,RW",Leo Komarov,82.0,13.53,6.0,20.0,18.0,0.0,78.0,203.0,,,,,,
Yahoo,2021-01-08 17:40:08.774272,2018,Phi,"C,LW",Scott Laughton,82.0,14.51,12.0,20.0,-11.0,0.0,130.0,146.0,,,,,,
Yahoo,2021-01-08 17:40:08.774272,2018,Bos,LW,Nick Ritchie,60.0,15.0,9.0,22.0,6.0,9.0,96.0,123.0,,,,,,
Yahoo,2021-01-08 17:40:08.774272,2018,Was,"LW,RW",Richard Panik,75.0,16.36,14.0,19.0,-3.0,2.0,140.0,137.0,,,,,,
Yahoo,2021-01-08 17:40:08.774272,2018,Bos,D,Brandon Carlo,72.0,20.55,2.0,8.0,22.0,0.0,116.0,134.0,,,,,,
Yahoo,2021-01-08 17:40:08.774272,2018,Nsh,"C,LW",Erik Haula,15.0,16.35,2.0,5.0,1.0,1.0,26.0,11.0,,,,,,
Yahoo,2021-01-08 17:40:08.774272,2018,Cls,"C,LW",Alexandre Texier,2.0,12.46,1.0,0.0,3.0,0.0,6.0,2.0,,,,,,
Yahoo,2021-01-08 17:40:08.774272,2018,Ott,C,Derek Stepan,72.0,19.13,15.0,20.0,-2.0,3.0,195.0,50.0,,,,,,
Yahoo,2021-01-08 17:40:08.774272,2018,Bos,D,Matt Grzelcyk,66.0,19.07,3.0,15.0,9.0,6.0,90.0,46.0,,,,,,
Yahoo,2021-01-08 17:40:08.774272,2018,Nsh,D,Mark Borowiecki,53.0,15.34,1.0,4.0,-12.0,0.0,59.0,212.0,,,,,,
Yahoo,2021-01-08 17:40:08.774272,2018,Ari,D,Alex Goligoski,76.0,20.49,3.0,24.0,-7.0,7.0,102.0,79.0,,,,,,
Yahoo,2021-01-08 17:40:08.774272,2018,Van,D,Tyler Myers,80.0,20.2,9.0,22.0,11.0,7.0,156.0,97.0,,,,,,
Yahoo,2021-01-08 17:40:08.774272,2018,Ari,"C,LW",Christian Dvorak,20.0,14.23,2.0,5.0,-2.0,1.0,25.0,16.0,,,,,,
Yahoo,2021-01-08 17:40:08.774272,2018,Fla,RW,Owen Tippett,,,,,,,,,,,,,,
Yahoo,2021-01-08 17:40:08.774272,2018,NJ,D,P.K. Subban,63.0,22.39,9.0,22.0,5.0,10.0,168.0,56.0,,,,,,
Yahoo,2021-01-08 17:40:08.774272,2018,LA,"C,LW",Adrian Kempe,81.0,14.3,12.0,16.0,-10.0,4.0,118.0,86.0,,,,,,
Yahoo,2021-01-08 17:40:08.774272,2019,Edm,C,Connor McDavid,64.0,21.51,34.0,63.0,-6.0,43.0,212.0,37.0,,,,,,
Yahoo,2021-01-08 17:40:08.774272,2019,Col,C,Nathan MacKinnon,69.0,21.13,35.0,58.0,13.0,31.0,318.0,51.0,,,,,,
Yahoo,2021-01-08 17:40:08.774272,2019,Edm,"C,LW",Leon Draisaitl,71.0,22.36,43.0,67.0,-7.0,44.0,218.0,27.0,,,,,,
Yahoo,2021-01-08 17:40:08.774272,2019,NYR,LW,Artemi Panarin,69.0,20.36,32.0,63.0,36.0,24.0,209.0,25.0,,,,,,
Yahoo,2021-01-08 17:40:08.774272,2019,Was,LW,Alex Ovechkin,68.0,20.39,48.0,19.0,-12.0,18.0,311.0,184.0,,,,,,
Yahoo,2021-01-08 17:40:08.774272,2019,Buf,C,Jack Eichel,68.0,22.06,36.0,42.0,5.0,27.0,227.0,40.0,,,,,,
Yahoo,2021-01-08 17:40:08.774272,2019,Tor,C,Auston Matthews,70.0,20.58,47.0,33.0,19.0,25.0,290.0,40.0,,,,,,
Yahoo,2021-01-08 17:40:08.774272,2019,Car,C,Sebastian Aho,68.0,19.25,38.0,28.0,10.0,17.0,206.0,55.0,,,,,,
Yahoo,2021-01-08 17:40:08.774272,2019,Chi,RW,Patrick Kane,70.0,21.2,33.0,51.0,8.0,23.0,275.0,24.0,,,,,,
Yahoo,2021-01-08 17:40:08.774272,2019,Pit,C,Sidney Crosby,41.0,20.15,16.0,31.0,-8.0,17.0,109.0,28.0,,,,,,
Yahoo,2021-01-08 17:40:08.774272,2019,Car,"LW,RW",Andrei Svechnikov,68.0,16.44,24.0,37.0,9.0,20.0,183.0,116.0,,,,,,
Yahoo,2021-01-08 17:40:08.774272,2019,NYR,C,Mika Zibanejad,57.0,21.37,41.0,34.0,9.0,27.0,208.0,51.0,,,,,,
Yahoo,2021-01-08 17:40:08.774272,2019,Col,RW,Mikko Rantanen,42.0,18.56,19.0,22.0,-2.0,14.0,107.0,28.0,,,,,,
Yahoo,2021-01-08 17:40:08.774272,2019,Van,C,Elias Pettersson,68.0,18.31,27.0,39.0,16.0,24.0,162.0,63.0,,,,,,
Yahoo,2021-01-08 17:40:08.774272,2019,Tor,RW,Mitchell Marner,59.0,21.33,16.0,51.0,6.0,24.0,154.0,24.0,,,,,,
Yahoo,2021-01-08 17:40:08.774272,2019,TB,D,Victor Hedman,66.0,24.03,11.0,44.0,27.0,22.0,155.0,73.0,,,,,,
Yahoo,2021-01-08 17:40:08.774272,2019,Bos,LW,Brad Marchand,70.0,19.27,28.0,59.0,25.0,28.0,185.0,55.0,,,,,,
Yahoo,2021-01-08 17:40:08.774272,2019,Pit,"LW,RW",Jake Guentzel,39.0,20.37,20.0,23.0,11.0,10.0,127.0,46.0,,,,,,
Yahoo,2021-01-08 17:40:08.774272,2019,Wpg,"LW,RW",Patrik Laine,68.0,19.24,28.0,35.0,8.0,16.0,226.0,97.0,,,,,,
Yahoo,2021-01-08 17:40:08.774272,2019,TB,C,Brayden Point,66.0,18.54,25.0,39.0,28.0,13.0,141.0,24.0,,,,,,
Yahoo,2021-01-08 17:40:08.774272,2019,TB,"LW,RW",Steven Stamkos,57.0,18.25,29.0,37.0,14.0,19.0,176.0,69.0,,,,,,
Yahoo,2021-01-08 17:40:08.774272,2019,Was,D,John Carlson,69.0,24.36,15.0,60.0,12.0,26.0,189.0,55.0,,,,,,
Yahoo,2021-01-08 17:40:08.774272,2019,Pit,C,Evgeni Malkin,55.0,19.31,25.0,49.0,7.0,24.0,171.0,38.0,,,,,,
Yahoo,2021-01-08 17:40:08.774272,2019,Fla,LW,Jonathan Huberdeau,69.0,18.46,23.0,55.0,5.0,29.0,152.0,51.0,,,,,,
Yahoo,2021-01-08 17:40:08.774272,2019,Tor,C,John Tavares,63.0,19.32,26.0,34.0,-7.0,21.0,197.0,32.0,,,,,,
Yahoo,2021-01-08 17:40:08.774272,2019,Cgy,"LW,RW",Matthew Tkachuk,69.0,18.18,23.0,38.0,-5.0,19.0,188.0,122.0,,,,,,
Yahoo,2021-01-08 17:40:08.774272,2019,VGK,LW,Max Pacioretty,71.0,17.54,32.0,34.0,18.0,19.0,307.0,90.0,,,,,,
Yahoo,2021-01-08 17:40:08.774272,2019,Col,"C,LW",Gabriel Landeskog,54.0,20.01,21.0,23.0,-2.0,15.0,145.0,86.0,,,,,,
Yahoo,2021-01-08 17:40:08.774272,2019,Nsh,D,Roman Josi,69.0,25.46,16.0,49.0,22.0,23.0,260.0,52.0,,,,,,
Yahoo,2021-01-08 17:40:08.774272,2019,Van,"LW,RW",J.T. Miller,69.0,20.06,27.0,45.0,11.0,25.0,165.0,123.0,,,,,,
Yahoo,2021-01-08 17:40:08.774272,2019,Wpg,"C,RW",Blake Wheeler,71.0,19.19,22.0,43.0,1.0,22.0,180.0,102.0,,,,,,
Yahoo,2021-01-08 17:40:08.774272,2019,Ott,LW,Brady Tkachuk,71.0,18.56,21.0,23.0,-14.0,8.0,259.0,303.0,,,,,,
Yahoo,2021-01-08 17:40:08.774272,2019,Bos,C,Patrice Bergeron,61.0,18.44,31.0,25.0,23.0,20.0,203.0,46.0,,,,,,
Yahoo,2021-01-08 17:40:08.774272,2019,Car,D,Dougie Hamilton,47.0,23.17,14.0,26.0,30.0,12.0,170.0,52.0,,,,,,
Yahoo,2021-01-08 17:40:08.774272,2019,VGK,RW,Mark Stone,65.0,19.24,21.0,42.0,15.0,17.0,168.0,56.0,,,,,,
Yahoo,2021-01-08 17:40:08.774272,2019,Car,"LW,RW",Teuvo Teravainen,68.0,19.11,15.0,48.0,20.0,21.0,182.0,18.0,,,,,,
Yahoo,2021-01-08 17:40:08.774272,2019,Fla,C,Aleksander Barkov,66.0,20.0,20.0,42.0,2.0,20.0,172.0,21.0,,,,,,
Yahoo,2021-01-08 17:40:08.774272,2019,Wpg,C,Mark Scheifele,71.0,21.48,29.0,44.0,2.0,20.0,170.0,34.0,,,,,,
Yahoo,2021-01-08 17:40:08.774272,2019,Bos,RW,David Pastrnak,70.0,18.57,48.0,47.0,21.0,38.0,279.0,47.0,,,,,,
Yahoo,2021-01-08 17:40:08.774272,2019,Cgy,"LW,RW",Johnny Gaudreau,70.0,18.47,18.0,40.0,-10.0,18.0,209.0,1.0,,,,,,
Yahoo,2021-01-08 17:40:08.774272,2019,Phi,C,Sean Couturier,69.0,19.49,22.0,37.0,21.0,13.0,185.0,60.0,,,,,,
Yahoo,2021-01-08 17:40:08.774272,2019,Col,D,Cale Makar,57.0,21.0,12.0,38.0,12.0,19.0,121.0,45.0,,,,,,
Yahoo,2021-01-08 17:40:08.774272,2019,StL,C,Ryan O'Reilly,71.0,20.34,12.0,49.0,11.0,18.0,118.0,16.0,,,,,,
Yahoo,2021-01-08 17:40:08.774272,2019,SJ,D,Brent Burns,70.0,25.24,12.0,33.0,-22.0,17.0,225.0,72.0,,,,,,
Yahoo,2021-01-08 17:40:08.774272,2019,Buf,LW,Taylor Hall,65.0,19.1,16.0,36.0,-14.0,18.0,232.0,47.0,,,,,,
Yahoo,2021-01-08 17:40:08.774272,2019,Mon,RW,Brendan Gallagher,59.0,16.54,22.0,21.0,9.0,5.0,226.0,53.0,,,,,,
Yahoo,2021-01-08 17:40:08.774272,2019,Was,C,Evgeny Kuznetsov,63.0,17.49,19.0,33.0,-2.0,12.0,129.0,35.0,,,,,,
Yahoo,2021-01-08 17:40:08.774272,2019,Cgy,"C,RW",Elias Lindholm,70.0,19.43,29.0,25.0,-8.0,19.0,169.0,93.0,,,,,,
Yahoo,2021-01-08 17:40:08.774272,2019,Phi,"C,LW",Claude Giroux,69.0,18.59,21.0,32.0,7.0,20.0,197.0,45.0,,,,,,
Yahoo,2021-01-08 17:40:08.774272,2019,Nsh,LW,Filip Forsberg,63.0,17.21,21.0,27.0,-7.0,14.0,198.0,82.0,,,,,,
Yahoo,2021-01-08 17:40:08.774272,2019,SJ,LW,Evander Kane,64.0,19.32,26.0,21.0,-12.0,18.0,216.0,135.0,,,,,,
Yahoo,2021-01-08 17:40:08.774272,2019,VGK,D,Alex Pietrangelo,70.0,24.11,16.0,36.0,11.0,22.0,225.0,47.0,,,,,,
Yahoo,2021-01-08 17:40:08.774272,2019,StL,"C,RW",Brayden Schenn,71.0,18.27,25.0,33.0,3.0,21.0,138.0,119.0,,,,,,
Yahoo,2021-01-08 17:40:08.774272,2019,Wpg,LW,Kyle Connor,71.0,21.05,38.0,35.0,4.0,17.0,239.0,18.0,,,,,,
Yahoo,2021-01-08 17:40:08.774272,2019,Cls,C,Pierre-Luc Dubois,70.0,17.55,18.0,31.0,-2.0,10.0,158.0,85.0,,,,,,
Yahoo,2021-01-08 17:40:08.774272,2019,Was,RW,Tom Wilson,68.0,18.16,21.0,23.0,-3.0,7.0,154.0,253.0,,,,,,
Yahoo,2021-01-08 17:40:08.774272,2019,Edm,"C,LW",Ryan Nugent-Hopkins,65.0,20.28,22.0,39.0,1.0,24.0,172.0,33.0,,,,,,
Yahoo,2021-01-08 17:40:08.774272,2019,Pit,D,Kris Letang,61.0,25.43,15.0,29.0,0.0,15.0,177.0,101.0,,,,,,
Yahoo,2021-01-08 17:40:08.774272,2019,Tor,D,Morgan Rielly,47.0,24.12,3.0,24.0,6.0,7.0,123.0,38.0,,,,,,
Yahoo,2021-01-08 17:40:08.774272,2019,Phi,RW,Travis Konecny,66.0,16.48,24.0,37.0,-1.0,23.0,141.0,63.0,,,,,,
Yahoo,2021-01-08 17:40:08.774272,2019,SJ,"LW,RW",Timo Meier,70.0,17.16,22.0,27.0,-22.0,9.0,199.0,155.0,,,,,,
Yahoo,2021-01-08 17:40:08.774272,2019,StL,"LW,RW",Mike Hoffman,69.0,16.5,29.0,30.0,-5.0,21.0,214.0,33.0,,,,,,
Yahoo,2021-01-08 17:40:08.774272,2019,SJ,C,Logan Couture,52.0,18.31,16.0,23.0,0.0,9.0,126.0,54.0,,,,,,
Yahoo,2021-01-08 17:40:08.774272,2019,NYI,LW,Anders Lee,68.0,18.17,20.0,23.0,8.0,7.0,195.0,102.0,,,,,,
Yahoo,2021-01-08 17:40:08.774272,2019,NYI,C,Mathew Barzal,68.0,20.02,19.0,41.0,5.0,12.0,171.0,22.0,,,,,,
Yahoo,2021-01-08 17:40:08.774272,2019,Det,C,Dylan Larkin,71.0,21.14,19.0,34.0,-21.0,14.0,223.0,52.0,,,,,,
Yahoo,2021-01-08 17:40:08.774272,2019,Wpg,D,Neal Pionk,71.0,23.22,6.0,39.0,10.0,25.0,177.0,165.0,,,,,,
Yahoo,2021-01-08 17:40:08.774272,2019,VGK,"C,LW",Jonathan Marchessault,66.0,17.16,22.0,25.0,6.0,12.0,235.0,99.0,,,,,,
Yahoo,2021-01-08 17:40:08.774272,2019,Was,C,Nicklas Backstrom,61.0,19.01,12.0,42.0,-1.0,18.0,132.0,30.0,,,,,,
Yahoo,2021-01-08 17:40:08.774272,2019,Col,C,Nazem Kadri,51.0,17.25,19.0,17.0,8.0,11.0,133.0,61.0,,,,,,
Yahoo,2021-01-08 17:40:08.774272,2019,Edm,RW,Kailer Yamamoto,27.0,17.23,11.0,15.0,17.0,2.0,44.0,45.0,,,,,,
Yahoo,2021-01-08 17:40:08.774272,2019,Tor,"LW,RW",William Nylander,68.0,18.12,31.0,28.0,-2.0,17.0,197.0,9.0,,,,,,
Yahoo,2021-01-08 17:40:08.774272,2019,LA,C,Anze Kopitar,70.0,21.02,21.0,41.0,6.0,21.0,135.0,49.0,,,,,,
Yahoo,2021-01-08 17:40:08.774272,2019,StL,D,Torey Krug,61.0,20.29,9.0,40.0,-4.0,28.0,144.0,36.0,,,,,,
Yahoo,2021-01-08 17:40:08.774272,2019,Dal,D,Miro Heiskanen,68.0,23.46,8.0,27.0,14.0,7.0,163.0,40.0,,,,,,
Yahoo,2021-01-08 17:40:08.774272,2019,Chi,"LW,RW",Alex DeBrincat,70.0,17.29,18.0,27.0,-10.0,16.0,207.0,58.0,,,,,,
Yahoo,2021-01-08 17:40:08.774272,2019,NJ,RW,Kyle Palmieri,65.0,17.06,25.0,20.0,-4.0,18.0,155.0,74.0,,,,,,
Yahoo,2021-01-08 17:40:08.774272,2019,Cls,D,Zach Werenski,63.0,23.59,20.0,21.0,9.0,13.0,187.0,36.0,,,,,,
Yahoo,2021-01-08 17:40:08.774272,2019,NYR,LW,Chris Kreider,63.0,17.14,24.0,21.0,13.0,13.0,156.0,116.0,,,,,,
Yahoo,2021-01-08 17:40:08.774272,2019,Chi,C,Jonathan Toews,70.0,19.46,18.0,42.0,-2.0,8.0,172.0,56.0,,,,,,
Yahoo,2021-01-08 17:40:08.774272,2019,Van,RW,Brock Boeser,57.0,18.34,16.0,29.0,4.0,14.0,169.0,28.0,,,,,,
Yahoo,2021-01-08 17:40:08.774272,2019,Cgy,C,Sean Monahan,70.0,18.06,22.0,26.0,-16.0,16.0,166.0,65.0,,,,,,
Yahoo,2021-01-08 17:40:08.774272,2019,Cls,D,Seth Jones,56.0,25.16,6.0,24.0,10.0,9.0,126.0,62.0,,,,,,
Yahoo,2021-01-08 17:40:08.774272,2019,Was,LW,Jakub Vrana,69.0,14.52,25.0,27.0,3.0,12.0,187.0,29.0,,,,,,
Yahoo,2021-01-08 17:40:08.774272,2019,Van,C,Bo Horvat,69.0,19.43,22.0,31.0,-15.0,16.0,178.0,55.0,,,,,,
Yahoo,2021-01-08 17:40:08.774272,2019,Mon,D,Shea Weber,65.0,24.0,15.0,21.0,8.0,8.0,185.0,112.0,,,,,,
Yahoo,2021-01-08 17:40:08.774272,2019,Phi,D,Ivan Provorov,69.0,24.5,13.0,23.0,11.0,16.0,150.0,84.0,,,,,,
Yahoo,2021-01-08 17:40:08.774272,2019,Dal,"C,LW",Jamie Benn,69.0,16.26,19.0,20.0,-4.0,14.0,163.0,167.0,,,,,,
Yahoo,2021-01-08 17:40:08.774272,2019,Dal,"LW,RW",Alexander Radulov,60.0,16.44,15.0,19.0,8.0,10.0,132.0,48.0,,,,,,
Yahoo,2021-01-08 17:40:08.774272,2019,SJ,D,Erik Karlsson,56.0,24.31,6.0,34.0,-15.0,13.0,120.0,26.0,,,,,,
Yahoo,2021-01-08 17:40:08.774272,2019,StL,"LW,RW",David Perron,71.0,18.19,25.0,35.0,2.0,27.0,166.0,67.0,,,,,,
Yahoo,2021-01-08 17:40:08.774272,2019,VGK,D,Shea Theodore,71.0,22.14,13.0,33.0,12.0,16.0,219.0,20.0,,,,,,
Yahoo,2021-01-08 17:40:08.774272,2019,NYR,"C,RW",Ryan Strome,70.0,19.35,18.0,41.0,21.0,17.0,154.0,45.0,,,,,,
Yahoo,2021-01-08 17:40:08.774272,2019,Min,"LW,RW",Kevin Fiala,64.0,15.24,23.0,31.0,-1.0,18.0,175.0,25.0,,,,,,
Yahoo,2021-01-08 17:40:08.774272,2019,Mon,D,Jeff Petry,71.0,23.38,11.0,29.0,-10.0,12.0,158.0,177.0,,,,,,
Yahoo,2021-01-08 17:40:08.774272,2019,StL,LW,Jaden Schwartz,71.0,18.1,22.0,35.0,3.0,20.0,162.0,60.0,,,,,,
Yahoo,2021-01-08 17:40:08.774272,2019,Van,D,Quinn Hughes,68.0,21.53,8.0,45.0,-10.0,25.0,126.0,7.0,,,,,,
Yahoo,2021-01-08 17:40:08.774272,2019,Fla,RW,Patric Hornqvist,52.0,15.55,17.0,15.0,9.0,7.0,168.0,107.0,,,,,,
Yahoo,2021-01-08 17:40:08.774272,2019,Chi,"LW,RW",Dominik Kubalik,68.0,14.22,30.0,16.0,2.0,8.0,157.0,79.0,,,,,,
Yahoo,2021-01-08 17:40:08.774272,2019,SJ,"C,LW",Tomas Hertl,48.0,18.26,16.0,20.0,-18.0,7.0,117.0,29.0,,,,,,
Yahoo,2021-01-08 17:40:08.774272,2019,Buf,D,Rasmus Dahlin,59.0,19.17,4.0,36.0,-7.0,19.0,90.0,72.0,,,,,,
Yahoo,2021-01-08 17:40:08.774272,2019,Was,RW,T.J. Oshie,69.0,18.17,26.0,23.0,4.0,12.0,133.0,90.0,,,,,,
Yahoo,2021-01-08 17:40:08.774272,2019,NYR,LW,Alexis Lafreniere,,,,,,,,,,,,,,
Yahoo,2021-01-08 17:40:08.774272,2019,TB,LW,Ondrej Palat,69.0,16.11,17.0,24.0,25.0,8.0,128.0,145.0,,,,,,
Yahoo,2021-01-08 17:40:08.774272,2019,TB,"LW,RW",Blake Coleman,66.0,16.43,21.0,11.0,0.0,3.0,200.0,191.0,,,,,,
Yahoo,2021-01-08 17:40:08.774272,2019,Cls,"C,LW",Max Domi,71.0,17.05,17.0,27.0,-3.0,11.0,179.0,32.0,,,,,,
Yahoo,2021-01-08 17:40:08.774272,2019,Cls,RW,Cam Atkinson,44.0,17.5,12.0,14.0,2.0,8.0,148.0,18.0,,,,,,
Yahoo,2021-01-08 17:40:08.774272,2019,VGK,RW,Reilly Smith,71.0,17.54,27.0,27.0,17.0,5.0,169.0,55.0,,,,,,
Yahoo,2021-01-08 17:40:08.774272,2019,Ari,D,Oliver Ekman-Larsson,66.0,23.0,9.0,21.0,-3.0,7.0,135.0,129.0,,,,,,
Yahoo,2021-01-08 17:40:08.774272,2019,NYR,D,Tony DeAngelo,68.0,19.17,15.0,38.0,12.0,19.0,149.0,48.0,,,,,,
Yahoo,2021-01-08 17:40:08.774272,2019,NYI,C,Brock Nelson,68.0,18.51,26.0,28.0,6.0,7.0,175.0,49.0,,,,,,
Yahoo,2021-01-08 17:40:08.774272,2019,Buf,"LW,RW",Victor Olofsson,54.0,18.23,20.0,22.0,-1.0,17.0,127.0,10.0,,,,,,
Yahoo,2021-01-08 17:40:08.774272,2019,NYI,D,Ryan Pulock,68.0,22.24,10.0,25.0,8.0,8.0,163.0,110.0,,,,,,
Yahoo,2021-01-08 17:40:08.774272,2019,TB,C,Anthony Cirelli,68.0,18.27,16.0,28.0,28.0,5.0,113.0,89.0,,,,,,
Yahoo,2021-01-08 17:40:08.774272,2019,Mon,RW,Josh Anderson,26.0,16.03,1.0,3.0,-8.0,0.0,63.0,68.0,,,,,,
Yahoo,2021-01-08 17:40:08.774272,2019,Nsh,"C,RW",Matt Duchene,66.0,16.52,13.0,29.0,-4.0,11.0,136.0,40.0,,,,,,
Yahoo,2021-01-08 17:40:08.774272,2019,Bos,D,Charlie McAvoy,67.0,23.09,5.0,27.0,24.0,2.0,101.0,131.0,,,,,,
Yahoo,2021-01-08 17:40:08.774272,2019,Mon,"LW,RW",Tomas Tatar,68.0,16.17,22.0,39.0,5.0,14.0,162.0,79.0,,,,,,
Yahoo,2021-01-08 17:40:08.774272,2019,Dal,D,John Klingberg,58.0,22.09,6.0,26.0,-10.0,17.0,120.0,29.0,,,,,,
Yahoo,2021-01-08 17:40:08.774272,2019,Edm,D,Tyson Barrie,70.0,21.52,5.0,34.0,-7.0,12.0,169.0,47.0,,,,,,
Yahoo,2021-01-08 17:40:08.774272,2019,Nsh,"LW,RW",Viktor Arvidsson,57.0,16.12,15.0,13.0,-4.0,8.0,127.0,27.0,,,,,,
Yahoo,2021-01-08 17:40:08.774272,2019,Buf,"C,RW",Sam Reinhart,69.0,20.37,22.0,28.0,-15.0,12.0,144.0,36.0,,,,,,
Yahoo,2021-01-08 17:40:08.774272,2019,Mon,"LW,RW",Tyler Toffoli,68.0,16.5,24.0,20.0,-1.0,10.0,203.0,48.0,,,,,,
Yahoo,2021-01-08 17:40:08.774272,2019,NYR,D,Adam Fox,70.0,18.54,8.0,34.0,22.0,13.0,125.0,35.0,,,,,,
Yahoo,2021-01-08 17:40:08.774272,2019,LA,RW,Dustin Brown,66.0,18.24,17.0,18.0,-1.0,5.0,169.0,143.0,,,,,,
Yahoo,2021-01-08 17:40:08.774272,2019,Ott,D,Thomas Chabot,71.0,26.0,6.0,33.0,-18.0,11.0,186.0,79.0,,,,,,
Yahoo,2021-01-08 17:40:08.774272,2019,Ott,"LW,RW",Evgenii Dadonov,69.0,17.06,25.0,22.0,-7.0,17.0,167.0,29.0,,,,,,
Yahoo,2021-01-08 17:40:08.774272,2019,Buf,D,Rasmus Ristolainen,69.0,22.47,6.0,27.0,-2.0,9.0,128.0,203.0,,,,,,
Yahoo,2021-01-08 17:40:08.774272,2019,Cls,"LW,RW",Oliver Bjorkstrand,49.0,17.56,21.0,15.0,8.0,6.0,162.0,43.0,,,,,,
Yahoo,2021-01-08 17:40:08.774272,2019,VGK,C,William Karlsson,63.0,18.51,15.0,31.0,11.0,8.0,138.0,40.0,,,,,,
Yahoo,2021-01-08 17:40:08.774272,2019,NJ,C,Nico Hischier,58.0,18.03,14.0,22.0,-16.0,10.0,123.0,48.0,,,,,,
Yahoo,2021-01-08 17:40:08.774272,2019,Nsh,D,Ryan Ellis,49.0,23.3,8.0,30.0,16.0,9.0,114.0,48.0,,,,,,
Yahoo,2021-01-08 17:40:08.774272,2019,Cgy,D,Mark Giordano,60.0,23.52,5.0,26.0,2.0,11.0,157.0,42.0,,,,,,
Yahoo,2021-01-08 17:40:08.774272,2019,Min,LW,Kirill Kaprizov,,,,,,,,,,,,,,
Yahoo,2021-01-08 17:40:08.774272,2019,Anh,"LW,RW",Rickard Rakell,65.0,18.09,15.0,27.0,-5.0,9.0,186.0,81.0,,,,,,
Yahoo,2021-01-08 17:40:08.774272,2019,Buf,LW,Jeff Skinner,59.0,16.29,14.0,9.0,-22.0,3.0,183.0,29.0,,,,,,
Yahoo,2021-01-08 17:40:08.774272,2019,Pit,"LW,RW",Bryan Rust,55.0,19.45,27.0,29.0,14.0,17.0,151.0,71.0,,,,,,
Yahoo,2021-01-08 17:40:08.774272,2019,Edm,D,Darnell Nurse,71.0,23.27,5.0,28.0,-2.0,5.0,170.0,172.0,,,,,,
Yahoo,2021-01-08 17:40:08.774272,2019,NYR,D,Jacob Trouba,70.0,22.33,7.0,20.0,-12.0,8.0,168.0,173.0,,,,,,
Yahoo,2021-01-08 17:40:08.774272,2019,Wpg,"LW,RW",Nikolaj Ehlers,71.0,16.31,25.0,33.0,14.0,5.0,203.0,36.0,,,,,,
Yahoo,2021-01-08 17:40:08.774272,2019,NJ,"C,LW",Jack Hughes,61.0,15.51,7.0,14.0,-26.0,9.0,123.0,12.0,,,,,,
Yahoo,2021-01-08 17:40:08.774272,2019,Det,"LW,RW",Anthony Mantha,43.0,18.53,16.0,22.0,-7.0,9.0,137.0,49.0,,,,,,
Yahoo,2021-01-08 17:40:08.774272,2019,Mon,C,Phillip Danault,71.0,18.5,13.0,34.0,18.0,4.0,131.0,119.0,,,,,,
Yahoo,2021-01-08 17:40:08.774272,2019,Pit,"LW,RW",Brandon Tanev,68.0,14.45,11.0,14.0,-1.0,1.0,95.0,244.0,,,,,,
Yahoo,2021-01-08 17:40:08.774272,2019,TB,D,Mikhail Sergachev,70.0,20.22,10.0,24.0,15.0,13.0,118.0,106.0,,,,,,
Yahoo,2021-01-08 17:40:08.774272,2019,Cls,"LW,RW",Nick Foligno,67.0,18.4,10.0,21.0,-3.0,4.0,131.0,212.0,,,,,,
Yahoo,2021-01-08 17:40:08.774272,2019,Fla,D,Aaron Ekblad,67.0,22.58,5.0,36.0,12.0,6.0,147.0,34.0,,,,,,
Yahoo,2021-01-08 17:40:08.774272,2019,StL,RW,Vladimir Tarasenko,10.0,16.1,3.0,7.0,-2.0,3.0,26.0,17.0,,,,,,
Yahoo,2021-01-08 17:40:08.774272,2019,Tor,"C,LW",Zach Hyman,51.0,19.05,21.0,16.0,13.0,6.0,106.0,52.0,,,,,,
Yahoo,2021-01-08 17:40:08.774272,2019,Fla,D,Keith Yandle,69.0,19.41,5.0,40.0,0.0,21.0,129.0,18.0,,,,,,
Yahoo,2021-01-08 17:40:08.774272,2019,LA,D,Drew Doughty,67.0,25.49,7.0,28.0,-16.0,14.0,141.0,106.0,,,,,,
Yahoo,2021-01-08 17:40:08.774272,2019,Ari,LW,Lawson Crouse,66.0,13.34,15.0,10.0,0.0,0.0,109.0,201.0,,,,,,
Yahoo,2021-01-08 17:40:08.774272,2019,StL,D,Colton Parayko,64.0,23.0,10.0,18.0,8.0,5.0,162.0,87.0,,,,,,
Yahoo,2021-01-08 17:40:08.774272,2019,Buf,C,Eric Staal,66.0,17.08,19.0,28.0,-9.0,14.0,113.0,24.0,,,,,,
Yahoo,2021-01-08 17:40:08.774272,2019,Phi,C,Kevin Hayes,69.0,17.43,23.0,18.0,-6.0,7.0,175.0,88.0,,,,,,
Yahoo,2021-01-08 17:40:08.774272,2019,Phi,RW,Jakub Voracek,69.0,17.02,12.0,44.0,14.0,17.0,132.0,17.0,,,,,,
Yahoo,2021-01-08 17:40:08.774272,2019,Mon,"C,RW",Nick Suzuki,71.0,15.59,13.0,28.0,-15.0,14.0,138.0,64.0,,,,,,
Yahoo,2021-01-08 17:40:08.774272,2019,Min,LW,Zach Parise,69.0,17.11,25.0,21.0,-11.0,18.0,155.0,27.0,,,,,,
Yahoo,2021-01-08 17:40:08.774272,2019,Det,"LW,RW",Tyler Bertuzzi,71.0,19.18,21.0,27.0,-23.0,14.0,129.0,71.0,,,,,,
Yahoo,2021-01-08 17:40:08.774272,2019,Pit,"LW,RW",Jason Zucker,60.0,16.2,20.0,21.0,-4.0,12.0,111.0,53.0,,,,,,
Yahoo,2021-01-08 17:40:08.774272,2019,Ari,RW,Phil Kessel,70.0,17.08,14.0,24.0,-21.0,17.0,153.0,11.0,,,,,,
Yahoo,2021-01-08 17:40:08.774272,2019,Col,"LW,RW",Andre Burakovsky,58.0,15.12,20.0,25.0,11.0,11.0,103.0,26.0,,,,,,
Yahoo,2021-01-08 17:40:08.774272,2019,Bos,RW,Craig Smith,69.0,13.25,18.0,13.0,18.0,7.0,184.0,60.0,,,,,,
Yahoo,2021-01-08 17:40:08.774272,2019,Min,D,Ryan Suter,69.0,24.38,8.0,40.0,-6.0,18.0,111.0,48.0,,,,,,
Yahoo,2021-01-08 17:40:08.774272,2019,Dal,"LW,RW",Denis Gurianov,64.0,12.59,20.0,9.0,5.0,12.0,132.0,63.0,,,,,,
Yahoo,2021-01-08 17:40:08.774272,2019,Nsh,C,Ryan Johansen,68.0,17.03,14.0,22.0,-5.0,9.0,101.0,39.0,,,,,,
Yahoo,2021-01-08 17:40:08.774272,2019,Ari,"LW,RW",Clayton Keller,70.0,16.17,17.0,27.0,-6.0,15.0,184.0,20.0,,,,,,
Yahoo,2021-01-08 17:40:08.774272,2019,Van,LW,Tanner Pearson,69.0,16.3,21.0,24.0,-4.0,10.0,164.0,96.0,,,,,,
Yahoo,2021-01-08 17:40:08.774272,2019,Min,D,Matt Dumba,69.0,22.29,6.0,18.0,-7.0,8.0,167.0,98.0,,,,,,
Yahoo,2021-01-08 17:40:08.774272,2019,NJ,"LW,RW",Nikita Gusev,66.0,14.41,13.0,31.0,-15.0,15.0,158.0,12.0,,,,,,
Yahoo,2021-01-08 17:40:08.774272,2019,NYR,RW,Pavel Buchnevich,68.0,16.55,16.0,30.0,2.0,9.0,148.0,80.0,,,,,,
Yahoo,2021-01-08 17:40:08.774272,2019,Col,D,Ryan Graves,69.0,18.56,9.0,17.0,40.0,0.0,134.0,112.0,,,,,,
Yahoo,2021-01-08 17:40:08.774272,2019,VGK,RW,Ryan Reaves,71.0,10.08,8.0,7.0,-5.0,0.0,61.0,316.0,,,,,,
Yahoo,2021-01-08 17:40:08.774272,2019,Cgy,"C,RW",Mikael Backlund,70.0,17.56,16.0,29.0,3.0,10.0,157.0,44.0,,,,,,
Yahoo,2021-01-08 17:40:08.774272,2019,Wpg,C,Paul Stastny,71.0,17.07,17.0,21.0,6.0,10.0,136.0,63.0,,,,,,
Yahoo,2021-01-08 17:40:08.774272,2019,Car,C,Vincent Trocheck,62.0,16.43,11.0,27.0,-8.0,7.0,141.0,101.0,,,,,,
Yahoo,2021-01-08 17:40:08.774272,2019,Dal,"C,LW",Roope Hintz,60.0,14.44,19.0,14.0,3.0,14.0,120.0,73.0,,,,,,
Yahoo,2021-01-08 17:40:08.774272,2019,Car,C,Jordan Staal,68.0,17.3,8.0,19.0,3.0,3.0,125.0,149.0,,,,,,
Yahoo,2021-01-08 17:40:08.774272,2019,Bos,C,David Krejci,61.0,17.1,13.0,30.0,14.0,14.0,83.0,37.0,,,,,,
Yahoo,2021-01-08 17:40:08.774272,2019,NYI,"LW,RW",Josh Bailey,68.0,16.53,14.0,29.0,-12.0,9.0,94.0,20.0,,,,,,
Yahoo,2021-01-08 17:40:08.774272,2019,TB,"LW,RW",Alex Killorn,68.0,17.55,26.0,23.0,19.0,13.0,130.0,59.0,,,,,,
Yahoo,2021-01-08 17:40:08.774272,2019,NYR,RW,Kaapo Kakko,66.0,14.16,10.0,13.0,-26.0,13.0,109.0,20.0,,,,,,
Yahoo,2021-01-08 17:40:08.774272,2019,NYI,C,Jean-Gabriel Pageau,67.0,19.09,26.0,16.0,4.0,10.0,151.0,128.0,,,,,,
Yahoo,2021-01-08 17:40:08.774272,2019,Dal,"C,RW",Tyler Seguin,69.0,19.08,17.0,33.0,-2.0,15.0,245.0,90.0,,,,,,
Yahoo,2021-01-08 17:40:08.774272,2019,Van,D,Nate Schmidt,59.0,21.4,7.0,24.0,11.0,7.0,112.0,25.0,,,,,,
Yahoo,2021-01-08 17:40:08.774272,2019,VGK,"LW,RW",William Carrier,71.0,9.52,7.0,12.0,0.0,0.0,99.0,213.0,,,,,,
Yahoo,2021-01-08 17:40:08.774272,2019,Cls,"C,LW",Boone Jenner,70.0,18.06,11.0,13.0,-14.0,4.0,179.0,109.0,,,,,,
Yahoo,2021-01-08 17:40:08.774272,2019,Tor,D,Jake Muzzin,53.0,21.35,6.0,17.0,12.0,0.0,99.0,109.0,,,,,,
Yahoo,2021-01-08 17:40:08.774272,2019,Dal,RW,Joel Kiviranta,11.0,10.38,1.0,0.0,-1.0,0.0,13.0,17.0,,,,,,
Yahoo,2021-01-08 17:40:08.774272,2019,TB,D,Erik Cernak,67.0,18.57,5.0,7.0,11.0,0.0,125.0,172.0,,,,,,
Yahoo,2021-01-08 17:40:08.774272,2019,Chi,"C,RW",Dylan Strome,58.0,15.56,12.0,26.0,1.0,8.0,97.0,23.0,,,,,,
Yahoo,2021-01-08 17:40:08.774272,2019,Tor,LW,Nicholas Robertson,,,,,,,,,,,,,,
Yahoo,2021-01-08 17:40:08.774272,2019,Mon,RW,Joel Armia,58.0,17.13,16.0,14.0,2.0,4.0,155.0,146.0,,,,,,
Yahoo,2021-01-08 17:40:08.774272,2019,Anh,D,Kevin Shattenkirk,70.0,18.53,8.0,26.0,22.0,7.0,131.0,62.0,,,,,,
Yahoo,2021-01-08 17:40:08.774272,2019,Dal,"C,RW",Joe Pavelski,67.0,16.55,14.0,17.0,6.0,11.0,125.0,62.0,,,,,,
Yahoo,2021-01-08 17:40:08.774272,2019,VGK,"LW,RW",Alex Tuch,42.0,14.37,8.0,9.0,-10.0,7.0,98.0,58.0,,,,,,
Yahoo,2021-01-08 17:40:08.774272,2019,Mon,"C,LW",Jonathan Drouin,27.0,15.42,7.0,8.0,-6.0,4.0,51.0,25.0,,,,,,
Yahoo,2021-01-08 17:40:08.774272,2019,NYI,LW,Anthony Beauvillier,68.0,17.15,18.0,21.0,-11.0,7.0,132.0,86.0,,,,,,
Yahoo,2021-01-08 17:40:08.774272,2019,Min,"LW,RW",Marcus Foligno,59.0,14.35,11.0,14.0,8.0,0.0,86.0,184.0,,,,,,
Yahoo,2021-01-08 17:40:08.774272,2019,Pit,"LW,RW",Kasperi Kapanen,69.0,15.47,13.0,23.0,0.0,3.0,121.0,73.0,,,,,,
Yahoo,2021-01-08 17:40:08.774272,2019,Phi,LW,James van Riemsdyk,66.0,14.54,19.0,21.0,5.0,9.0,151.0,25.0,,,,,,
Yahoo,2021-01-08 17:40:08.774272,2019,Col,"LW,RW",Brandon Saad,58.0,16.44,21.0,12.0,2.0,1.0,140.0,36.0,,,,,,
Yahoo,2021-01-08 17:40:08.774272,2019,Car,D,Jaccob Slavin,68.0,23.24,6.0,30.0,30.0,3.0,145.0,43.0,,,,,,
Yahoo,2021-01-08 17:40:08.774272,2019,Cgy,LW,Milan Lucic,68.0,13.19,8.0,12.0,-6.0,8.0,83.0,198.0,,,,,,
Yahoo,2021-01-08 17:40:08.774272,2019,Bos,"C,RW",Charlie Coyle,70.0,16.47,16.0,21.0,9.0,5.0,145.0,83.0,,,,,,
Yahoo,2021-01-08 17:40:08.774272,2019,Ott,LW,Tim Stuetzle,,,,,,,,,,,,,,
Yahoo,2021-01-08 17:40:08.774272,2019,Fla,"LW,RW",Frank Vatrano,69.0,15.01,16.0,18.0,-8.0,2.0,162.0,102.0,,,,,,
Yahoo,2021-01-08 17:40:08.774272,2019,Chi,C,Kirby Dach,64.0,14.15,8.0,15.0,-1.0,3.0,101.0,33.0,,,,,,
Yahoo,2021-01-08 17:40:08.774272,2019,Det,D,Filip Hronek,65.0,23.53,9.0,22.0,-38.0,10.0,125.0,105.0,,,,,,
Yahoo,2021-01-08 17:40:08.774272,2019,Nsh,"LW,RW",Mikael Granlund,63.0,17.48,17.0,13.0,-4.0,6.0,130.0,42.0,,,,,,
Yahoo,2021-01-08 17:40:08.774272,2019,Cgy,"LW,RW",Andrew Mangiapane,68.0,13.42,17.0,15.0,4.0,1.0,109.0,73.0,,,,,,
Yahoo,2021-01-08 17:40:08.774272,2019,Min,"C,RW",Nick Bjugstad,13.0,12.14,1.0,1.0,3.0,0.0,18.0,19.0,,,,,,
Yahoo,2021-01-08 17:40:08.774272,2019,TB,"C,RW",Tyler Johnson,65.0,14.32,14.0,17.0,9.0,7.0,113.0,62.0,,,,,,
Yahoo,2021-01-08 17:40:08.774272,2019,Ari,"C,RW",Nick Schmaltz,70.0,15.32,11.0,34.0,3.0,13.0,95.0,12.0,,,,,,
Yahoo,2021-01-08 17:40:08.774272,2019,NYI,RW,Jordan Eberle,58.0,17.48,16.0,24.0,1.0,11.0,136.0,37.0,,,,,,
Yahoo,2021-01-08 17:40:08.774272,2019,Anh,C,Ryan Getzlaf,69.0,18.43,13.0,29.0,-16.0,9.0,143.0,125.0,,,,,,
Yahoo,2021-01-08 17:40:08.774272,2019,Min,D,Jared Spurgeon,62.0,22.34,12.0,20.0,-1.0,13.0,112.0,61.0,,,,,,
Yahoo,2021-01-08 17:40:08.774272,2019,Col,D,Samuel Girard,70.0,21.18,4.0,30.0,1.0,13.0,96.0,46.0,,,,,,
Yahoo,2021-01-08 17:40:08.774272,2019,Anh,"C,LW",Adam Henrique,71.0,16.52,26.0,17.0,-3.0,9.0,169.0,75.0,,,,,,
Yahoo,2021-01-08 17:40:08.774272,2019,TB,"LW,RW",Yanni Gourde,70.0,14.03,10.0,20.0,-5.0,6.0,110.0,78.0,,,,,,
Yahoo,2021-01-08 17:40:08.774272,2019,Chi,"C,LW",Carl Soderberg,70.0,15.53,17.0,18.0,6.0,11.0,135.0,77.0,,,,,,
Yahoo,2021-01-08 17:40:08.774272,2019,Mon,"LW,RW",Artturi Lehkonen,70.0,15.25,13.0,14.0,2.0,0.0,140.0,120.0,,,,,,
Yahoo,2021-01-08 17:40:08.774272,2019,Pit,"C,LW",Jared McCann,66.0,15.14,14.0,21.0,6.0,6.0,150.0,89.0,,,,,,
Yahoo,2021-01-08 17:40:08.774272,2019,Nsh,D,Mattias Ekholm,68.0,23.22,8.0,25.0,-1.0,5.0,154.0,49.0,,,,,,
Yahoo,2021-01-08 17:40:08.774272,2019,LA,C,Quinton Byfield,,,,,,,,,,,,,,
Yahoo,2021-01-08 17:40:08.774272,2019,Bos,"LW,RW",Jake DeBrusk,65.0,16.03,19.0,16.0,-1.0,10.0,161.0,35.0,,,,,,
Yahoo,2021-01-08 17:40:08.774272,2019,Ari,"LW,RW",Conor Garland,68.0,14.09,22.0,17.0,1.0,10.0,158.0,26.0,,,,,,
Yahoo,2021-01-08 17:40:08.774272,2019,VGK,"C,RW",Cody Glass,39.0,13.21,5.0,7.0,-7.0,6.0,51.0,15.0,,,,,,
Yahoo,2021-01-08 17:40:08.774272,2019,SJ,"LW,RW",Kevin Labanc,70.0,16.04,14.0,19.0,-33.0,9.0,176.0,46.0,,,,,,
Yahoo,2021-01-08 17:40:08.774272,2019,Edm,RW,Jesse Puljujarvi,,,,,,,,,,,,,,
Yahoo,2021-01-08 17:40:08.774272,2019,Fla,"LW,RW",Anthony Duclair,66.0,16.15,23.0,17.0,-5.0,8.0,184.0,53.0,,,,,,
Yahoo,2021-01-08 17:40:08.774272,2019,NJ,"LW,RW",Andreas Johnsson,43.0,15.45,8.0,13.0,0.0,5.0,78.0,43.0,,,,,,
Yahoo,2021-01-08 17:40:08.774272,2019,Van,D,Alexander Edler,59.0,22.37,5.0,28.0,13.0,7.0,118.0,108.0,,,,,,
Yahoo,2021-01-08 17:40:08.774272,2019,Col,D,Devon Toews,68.0,20.3,6.0,22.0,1.0,6.0,122.0,55.0,,,,,,
Yahoo,2021-01-08 17:40:08.774272,2019,Car,"LW,RW",Nino Niederreiter,67.0,14.49,11.0,18.0,-3.0,11.0,115.0,52.0,,,,,,
Yahoo,2021-01-08 17:40:08.774272,2019,Chi,D,Duncan Keith,61.0,24.23,3.0,24.0,1.0,11.0,111.0,26.0,,,,,,
Yahoo,2021-01-08 17:40:08.774272,2019,VGK,D,Alec Martinez,51.0,21.3,3.0,13.0,-4.0,4.0,75.0,43.0,,,,,,
Yahoo,2021-01-08 17:40:08.774272,2019,Mon,D,Ben Chiarot,69.0,23.08,9.0,12.0,5.0,0.0,130.0,152.0,,,,,,
Yahoo,2021-01-08 17:40:08.774272,2019,Car,"C,RW",Martin Necas,64.0,14.1,16.0,20.0,-6.0,9.0,88.0,65.0,,,,,,
Yahoo,2021-01-08 17:40:08.774272,2019,Min,RW,Mats Zuccarello,65.0,15.56,15.0,22.0,-9.0,7.0,96.0,13.0,,,,,,
Yahoo,2021-01-08 17:40:08.774272,2019,LA,C,Alex Turcotte,,,,,,,,,,,,,,
Yahoo,2021-01-08 17:40:08.774272,2019,Chi,"C,RW",Andrew Shaw,26.0,14.27,3.0,7.0,-4.0,2.0,46.0,74.0,,,,,,
Yahoo,2021-01-08 17:40:08.774272,2019,Dal,D,Esa Lindell,69.0,23.24,3.0,20.0,5.0,7.0,98.0,89.0,,,,,,
Yahoo,2021-01-08 17:40:08.774272,2019,Tor,LW,Ilya Mikheyev,39.0,15.34,8.0,15.0,7.0,0.0,98.0,26.0,,,,,,
Yahoo,2021-01-08 17:40:08.774272,2019,Ari,D,Jakob Chychrun,63.0,22.26,12.0,14.0,4.0,8.0,149.0,75.0,,,,,,
Yahoo,2021-01-08 17:40:08.774272,2019,Was,D,Justin Schultz,46.0,19.52,3.0,9.0,-13.0,6.0,86.0,36.0,,,,,,
Yahoo,2021-01-08 17:40:08.774272,2019,Chi,"C,LW",Brandon Pirri,16.0,12.33,0.0,2.0,-4.0,0.0,24.0,16.0,,,,,,
Yahoo,2021-01-08 17:40:08.774272,2019,Chi,D,Nikita Zadorov,64.0,17.46,4.0,9.0,6.0,0.0,65.0,175.0,,,,,,
Yahoo,2021-01-08 17:40:08.774272,2019,Ott,"C,LW",Alex Galchenyuk,59.0,12.18,8.0,16.0,-5.0,7.0,86.0,52.0,,,,,,
Yahoo,2021-01-08 17:40:08.774272,2019,Bos,"LW,RW",Chris Wagner,67.0,12.26,6.0,4.0,-8.0,0.0,78.0,192.0,,,,,,
Yahoo,2021-01-08 17:40:08.774272,2019,TB,"C,LW",Barclay Goodrow,70.0,15.55,8.0,18.0,-8.0,2.0,102.0,162.0,,,,,,
Yahoo,2021-01-08 17:40:08.774272,2019,Ari,"C,RW",Derick Brassard,66.0,13.41,10.0,22.0,-2.0,10.0,110.0,115.0,,,,,,
Yahoo,2021-01-08 17:40:08.774272,2019,Det,"LW,RW",Vladislav Namestnikov,65.0,15.03,17.0,14.0,-5.0,4.0,98.0,108.0,,,,,,
Yahoo,2021-01-08 17:40:08.774272,2019,NJ,"LW,RW",Jesper Bratt,60.0,13.58,16.0,16.0,-6.0,6.0,101.0,29.0,,,,,,
Yahoo,2021-01-08 17:40:08.774272,2019,NJ,LW,Miles Wood,68.0,13.14,11.0,12.0,-19.0,0.0,141.0,102.0,,,,,,
Yahoo,2021-01-08 17:40:08.774272,2019,Edm,"LW,RW",James Neal,55.0,16.18,19.0,12.0,-20.0,17.0,112.0,88.0,,,,,,
Yahoo,2021-01-08 17:40:08.774272,2019,Ari,"C,LW",Barrett Hayton,20.0,11.08,1.0,3.0,2.0,0.0,27.0,14.0,,,,,,
Yahoo,2021-01-08 17:40:08.774272,2019,LA,C,Gabriel Vilardi,10.0,12.51,3.0,4.0,0.0,2.0,19.0,1.0,,,,,,
Yahoo,2021-01-08 17:40:08.774272,2019,Was,D,Dmitry Orlov,69.0,22.1,4.0,23.0,5.0,5.0,105.0,106.0,,,,,,
Yahoo,2021-01-08 17:40:08.774272,2019,Anh,RW,Jakob Silfverberg,66.0,17.41,21.0,18.0,0.0,7.0,155.0,28.0,,,,,,
Yahoo,2021-01-08 17:40:08.774272,2019,Bos,RW,Ondrej Kase,55.0,16.32,7.0,17.0,-7.0,2.0,144.0,13.0,,,,,,
Yahoo,2021-01-08 17:40:08.774272,2019,LA,LW,Alex Iafallo,70.0,18.55,17.0,26.0,1.0,9.0,142.0,49.0,,,,,,
Yahoo,2021-01-08 17:40:08.774272,2019,Was,RW,Garnet Hathaway,66.0,10.46,9.0,7.0,6.0,0.0,80.0,189.0,,,,,,
Yahoo,2021-01-08 17:40:08.774272,2019,Was,C,Lars Eller,69.0,17.0,16.0,23.0,3.0,6.0,151.0,59.0,,,,,,
Yahoo,2021-01-08 17:40:08.774272,2019,Car,"LW,RW",Ryan Dzingel,64.0,14.09,8.0,21.0,3.0,9.0,98.0,36.0,,,,,,
Yahoo,2021-01-08 17:40:08.774272,2019,Ott,"LW,RW",Connor Brown,71.0,20.06,16.0,27.0,-6.0,4.0,173.0,39.0,,,,,,
Yahoo,2021-01-08 17:40:08.774272,2019,LA,"LW,RW",Andreas Athanasiou,55.0,15.5,11.0,15.0,-46.0,7.0,129.0,36.0,,,,,,
Yahoo,2021-01-08 17:40:08.774272,2019,Car,RW,Jesper Fast,69.0,16.36,12.0,17.0,16.0,0.0,84.0,125.0,,,,,,
Yahoo,2021-01-08 17:40:08.774272,2019,Col,"LW,RW",Valeri Nichushkin,65.0,14.04,13.0,14.0,26.0,1.0,113.0,84.0,,,,,,
Yahoo,2021-01-08 17:40:08.774272,2019,TB,"C,RW",Cory Conacher,4.0,11.05,0.0,1.0,-2.0,0.0,5.0,3.0,,,,,,
Yahoo,2021-01-08 17:40:08.774272,2019,NYI,"LW,RW",Dmytro Timashov,44.0,8.31,4.0,5.0,1.0,0.0,37.0,93.0,,,,,,
Yahoo,2021-01-08 17:40:08.774272,2019,Chi,D,Calvin de Haan,29.0,19.54,1.0,5.0,10.0,0.0,42.0,93.0,,,,,,
Yahoo,2021-01-08 17:40:08.774272,2019,Cls,"LW,RW",Gustav Nyquist,70.0,18.01,15.0,27.0,4.0,9.0,151.0,37.0,,,,,,
Yahoo,2021-01-08 17:40:08.774272,2019,StL,D,Vince Dunn,71.0,16.16,9.0,14.0,15.0,10.0,138.0,50.0,,,,,,
Yahoo,2021-01-08 17:40:08.774272,2019,Van,RW,Jake Virtanen,69.0,13.05,18.0,18.0,-4.0,9.0,150.0,102.0,,,,,,
Yahoo,2021-01-08 17:40:08.774272,2019,Anh,C,Trevor Zegras,,,,,,,,,,,,,,
Yahoo,2021-01-08 17:40:08.774272,2019,LA,D,Matt Roy,70.0,18.06,4.0,14.0,16.0,1.0,112.0,132.0,,,,,,
Yahoo,2021-01-08 17:40:08.774272,2019,Car,D,Klas Dahlbeck,,,,,,,,,,,,,,
Yahoo,2021-01-08 17:40:08.774272,2019,Det,"LW,RW",Filip Zadina,28.0,15.1,8.0,7.0,-13.0,7.0,60.0,11.0,,,,,,
Yahoo,2021-01-08 17:40:08.774272,2019,Wpg,D,Josh Morrissey,65.0,22.46,5.0,26.0,1.0,12.0,120.0,34.0,,,,,,
Yahoo,2021-01-08 17:40:08.774272,2019,Fla,D,Radko Gudas,63.0,16.44,2.0,13.0,15.0,0.0,90.0,164.0,,,,,,
Yahoo,2021-01-08 17:40:08.774272,2019,Edm,RW,Zack Kassian,59.0,15.39,15.0,19.0,0.0,0.0,99.0,157.0,,,,,,
Yahoo,2021-01-08 17:40:08.774272,2019,NYI,LW,Matt Martin,55.0,10.25,5.0,3.0,-1.0,0.0,49.0,242.0,,,,,,
Yahoo,2021-01-08 17:40:08.774272,2019,Min,"C,LW",Marcus Johansson,60.0,17.08,9.0,21.0,-12.0,6.0,87.0,39.0,,,,,,
Yahoo,2021-01-08 17:40:08.774272,2019,NYI,"C,RW",Leo Komarov,48.0,12.35,4.0,10.0,2.0,0.0,46.0,123.0,,,,,,
Yahoo,2021-01-08 17:40:08.774272,2019,Phi,"C,LW",Scott Laughton,49.0,14.36,13.0,14.0,13.0,0.0,74.0,109.0,,,,,,
Yahoo,2021-01-08 17:40:08.774272,2019,Bos,LW,Nick Ritchie,48.0,14.09,9.0,12.0,1.0,3.0,78.0,102.0,,,,,,
Yahoo,2021-01-08 17:40:08.774272,2019,Was,"LW,RW",Richard Panik,59.0,11.2,9.0,13.0,16.0,0.0,67.0,75.0,,,,,,
Yahoo,2021-01-08 17:40:08.774272,2019,Bos,D,Brandon Carlo,67.0,20.28,4.0,15.0,16.0,0.0,111.0,126.0,,,,,,
Yahoo,2021-01-08 17:40:08.774272,2019,Nsh,"C,LW",Erik Haula,48.0,15.49,12.0,12.0,1.0,8.0,92.0,27.0,,,,,,
Yahoo,2021-01-08 17:40:08.774272,2019,Cls,"C,LW",Alexandre Texier,36.0,12.44,6.0,7.0,3.0,1.0,49.0,20.0,,,,,,
Yahoo,2021-01-08 17:40:08.774272,2019,Ott,C,Derek Stepan,70.0,17.38,10.0,18.0,-4.0,7.0,158.0,43.0,,,,,,
Yahoo,2021-01-08 17:40:08.774272,2019,Bos,D,Matt Grzelcyk,68.0,18.03,4.0,17.0,15.0,7.0,112.0,56.0,,,,,,
Yahoo,2021-01-08 17:40:08.774272,2019,Nsh,D,Mark Borowiecki,53.0,17.56,7.0,11.0,1.0,0.0,63.0,199.0,,,,,,
Yahoo,2021-01-08 17:40:08.774272,2019,Ari,D,Alex Goligoski,70.0,23.03,4.0,28.0,8.0,11.0,101.0,91.0,,,,,,
Yahoo,2021-01-08 17:40:08.774272,2019,Van,D,Tyler Myers,68.0,21.3,6.0,15.0,-7.0,7.0,134.0,99.0,,,,,,
Yahoo,2021-01-08 17:40:08.774272,2019,Ari,"C,LW",Christian Dvorak,70.0,16.41,18.0,20.0,6.0,10.0,134.0,39.0,,,,,,
Yahoo,2021-01-08 17:40:08.774272,2019,Fla,RW,Owen Tippett,,,,,,,,,,,,,,
Yahoo,2021-01-08 17:40:08.774272,2019,NJ,D,P.K. Subban,68.0,22.07,7.0,11.0,-21.0,6.0,151.0,88.0,,,,,,
Yahoo,2021-01-08 17:40:08.774272,2019,LA,"C,LW",Adrian Kempe,69.0,16.0,11.0,21.0,-10.0,10.0,148.0,71.0,,,,,,
Yahoo,2021-01-08 17:40:08.774272,2018,TB,G,Andrei Vasilevskiy,53.0,,,,,,,,,39.0,1585.0,0.925,2.4,6.0
Yahoo,2021-01-08 17:40:08.774272,2018,Wpg,G,Connor Hellebuyck,63.0,,,,,,,,,34.0,1872.0,0.9129999999999999,2.9,2.0
Yahoo,2021-01-08 17:40:08.774272,2018,Phi,G,Carter Hart,31.0,,,,,,,,,16.0,895.0,0.917,2.83,0.0
Yahoo,2021-01-08 17:40:08.774272,2018,Bos,G,Tuukka Rask,46.0,,,,,,,,,27.0,1136.0,0.912,2.48,4.0
Yahoo,2021-01-08 17:40:08.774272,2018,VGK,G,Robin Lehner,46.0,,,,,,,,,25.0,1230.0,0.93,2.13,6.0
Yahoo,2021-01-08 17:40:08.774272,2018,Was,G,Ilya Samsonov,,,,,,,,,,,,,,
Yahoo,2021-01-08 17:40:08.774272,2018,StL,G,Jordan Binnington,32.0,,,,,,,,,24.0,748.0,0.927,1.89,5.0
Yahoo,2021-01-08 17:40:08.774272,2018,Mon,G,Carey Price,66.0,,,,,,,,,35.0,1791.0,0.9179999999999999,2.49,4.0
Yahoo,2021-01-08 17:40:08.774272,2018,Tor,G,Frederik Andersen,60.0,,,,,,,,,36.0,1796.0,0.917,2.77,1.0
Yahoo,2021-01-08 17:40:08.774272,2018,Ari,G,Darcy Kuemper,55.0,,,,,,,,,27.0,1551.0,0.925,2.33,5.0
Yahoo,2021-01-08 17:40:08.774272,2018,Pit,G,Tristan Jarry,2.0,120.03,,,,,,,,0.0,55.0,0.887,3.5,0.0
Yahoo,2021-01-08 17:40:08.774272,2018,NYR,G,Igor Shesterkin,,,,,,,,,,,,,,
Yahoo,2021-01-08 17:40:08.774272,2018,Dal,G,Anton Khudobin,41.0,,,,,,,,,16.0,1137.0,0.9229999999999999,2.57,2.0
Yahoo,2021-01-08 17:40:08.774272,2018,Col,G,Pavel Francouz,2.0,61.11,,,,,,,,0.0,33.0,0.943,1.96,0.0
Yahoo,2021-01-08 17:40:08.774272,2018,Car,G,Petr Mrazek,40.0,,,,,,,,,23.0,1009.0,0.914,2.39,4.0
Yahoo,2021-01-08 17:40:08.774272,2018,Cgy,G,Jacob Markstrom,60.0,,,,,,,,,28.0,1730.0,0.912,2.77,1.0
Yahoo,2021-01-08 17:40:08.774272,2018,Col,G,Philipp Grubauer,37.0,,,,,,,,,18.0,982.0,0.917,2.64,3.0
Yahoo,2021-01-08 17:40:08.774272,2018,VGK,G,Marc-Andre Fleury,61.0,,,,,,,,,35.0,1593.0,0.9129999999999999,2.51,8.0
Yahoo,2021-01-08 17:40:08.774272,2018,Bos,G,Jaroslav Halak,40.0,,,,,,,,,22.0,1068.0,0.922,2.34,5.0
Yahoo,2021-01-08 17:40:08.774272,2018,Cls,G,Elvis Merzlikins,,,,,,,,,,,,,,
Yahoo,2021-01-08 17:40:08.774272,2018,Van,G,Braden Holtby,59.0,,,,,,,,,32.0,1635.0,0.9109999999999999,2.82,3.0
Yahoo,2021-01-08 17:40:08.774272,2018,Nsh,G,Juuse Saros,31.0,,,,,,,,,17.0,796.0,0.915,2.62,3.0
Yahoo,2021-01-08 17:40:08.774272,2018,Cls,G,Joonas Korpisalo,27.0,,,,,,,,,10.0,584.0,0.897,2.95,0.0
Yahoo,2021-01-08 17:40:08.774272,2018,Dal,G,Ben Bishop,46.0,,,,,,,,,27.0,1236.0,0.934,1.98,7.0
Yahoo,2021-01-08 17:40:08.774272,2018,Fla,G,Sergei Bobrovsky,62.0,,,,,,,,,37.0,1603.0,0.9129999999999999,2.58,9.0
Yahoo,2021-01-08 17:40:08.774272,2018,Van,G,Thatcher Demko,9.0,534.09,,,,,,,,4.0,263.0,0.9129999999999999,2.81,0.0
Yahoo,2021-01-08 17:40:08.774272,2018,Anh,G,John Gibson,58.0,,,,,,,,,26.0,1685.0,0.917,2.84,2.0
Yahoo,2021-01-08 17:40:08.774272,2018,NYI,G,Semyon Varlamov,49.0,,,,,,,,,20.0,1360.0,0.909,2.87,2.0
Yahoo,2021-01-08 17:40:08.774272,2018,NYI,G,Ilya Sorokin,,,,,,,,,,,,,,
Yahoo,2021-01-08 17:40:08.774272,2018,Min,G,Alex Stalock,21.0,,,,,,,,,6.0,472.0,0.899,2.99,0.0
Yahoo,2021-01-08 17:40:08.774272,2018,NJ,G,MacKenzie Blackwood,23.0,,,,,,,,,10.0,614.0,0.9179999999999999,2.61,2.0
Yahoo,2021-01-08 17:40:08.774272,2018,Edm,G,Mikko Koskinen,55.0,,,,,,,,,25.0,1405.0,0.9059999999999999,2.93,4.0
Yahoo,2021-01-08 17:40:08.774272,2018,Ott,G,Matt Murray,50.0,,,,,,,,,29.0,1465.0,0.919,2.69,4.0
Yahoo,2021-01-08 17:40:08.774272,2018,SJ,G,Devan Dubnyk,67.0,,,,,,,,,31.0,1714.0,0.9129999999999999,2.54,2.0
Yahoo,2021-01-08 17:40:08.774272,2018,NJ,G,Corey Crawford,39.0,,,,,,,,,14.0,1068.0,0.9079999999999999,2.93,2.0
Yahoo,2021-01-08 17:40:08.774272,2018,NYR,G,Alexandar Georgiev,33.0,,,,,,,,,14.0,966.0,0.914,2.91,2.0
Yahoo,2021-01-08 17:40:08.774272,2018,Min,G,Cam Talbot,35.0,,,,,,,,,11.0,889.0,0.892,3.4,1.0
Yahoo,2021-01-08 17:40:08.774272,2018,Mon,G,Jake Allen,46.0,,,,,,,,,19.0,1156.0,0.905,2.83,3.0
Yahoo,2021-01-08 17:40:08.774272,2018,LA,G,Jonathan Quick,46.0,,,,,,,,,16.0,1180.0,0.888,3.38,2.0
Yahoo,2021-01-08 17:40:08.774272,2018,Chi,G,Malcolm Subban,21.0,,,,,,,,,8.0,552.0,0.902,2.93,1.0
Yahoo,2021-01-08 17:40:08.774272,2018,Buf,G,Carter Hutton,50.0,,,,,,,,,18.0,1399.0,0.9079999999999999,3.0,0.0
Yahoo,2021-01-08 17:40:08.774272,2018,Car,G,James Reimer,36.0,,,,,,,,,13.0,836.0,0.9,3.09,0.0
Yahoo,2021-01-08 17:40:08.774272,2018,Buf,G,Linus Ullmark,37.0,,,,,,,,,15.0,1037.0,0.905,3.11,2.0
Yahoo,2021-01-08 17:40:08.774272,2018,LA,G,Calvin Petersen,11.0,621.42,,,,,,,,5.0,328.0,0.924,2.61,1.0
Yahoo,2021-01-08 17:40:08.774272,2018,Ari,G,Antti Raanta,12.0,687.06,,,,,,,,5.0,318.0,0.9059999999999999,2.88,0.0
Yahoo,2021-01-08 17:40:08.774272,2018,Det,G,Jimmy Howard,55.0,,,,,,,,,23.0,1553.0,0.909,3.07,0.0
Yahoo,2021-01-08 17:40:08.774272,2018,Fla,G,Chris Driedger,,,,,,,,,,,,,,
Yahoo,2021-01-08 17:40:08.774272,2018,Det,G,Thomas Greiss,43.0,,,,,,,,,23.0,1098.0,0.927,2.28,5.0
Yahoo,2021-01-08 17:40:08.774272,2018,Cgy,G,David Rittich,45.0,,,,,,,,,27.0,1119.0,0.9109999999999999,2.61,1.0
Yahoo,2021-01-08 17:40:08.774272,2018,TB,G,Curtis McElhinney,33.0,,,,,,,,,20.0,883.0,0.912,2.58,2.0
Yahoo,2021-01-08 17:40:08.774272,2018,Phi,G,Brian Elliott,26.0,,,,,,,,,11.0,672.0,0.907,2.96,1.0
Yahoo,2021-01-08 17:40:08.774272,2018,Nsh,G,Pekka Rinne,56.0,,,,,,,,,30.0,1451.0,0.9179999999999999,2.42,4.0
Yahoo,2021-01-08 17:40:08.774272,2018,Pit,G,Casey DeSmith,36.0,,,,,,,,,15.0,971.0,0.9159999999999999,2.75,3.0
Yahoo,2021-01-08 17:40:08.774272,2018,Tor,G,Jack Campbell,31.0,,,,,,,,,10.0,784.0,0.9279999999999999,2.3,2.0
Yahoo,2021-01-08 17:40:08.774272,2018,Ari,G,Adin Hill,13.0,696.21,,,,,,,,7.0,290.0,0.9009999999999999,2.76,1.0
Yahoo,2021-01-08 17:40:08.774272,2018,Mon,G,Cayden Primeau,,,,,,,,,,,,,,
Yahoo,2021-01-08 17:40:08.774272,2018,Det,G,Kevin Boyle,5.0,276.51,,,,,,,,1.0,129.0,0.9279999999999999,2.17,1.0
Yahoo,2021-01-08 17:40:08.774272,2018,Was,G,Pheonix Copley,27.0,,,,,,,,,16.0,702.0,0.905,2.9,1.0
Yahoo,2021-01-08 17:40:08.774272,2018,Min,G,Kaapo Kahkonen,,,,,,,,,,,,,,
Yahoo,2021-01-08 17:40:08.774272,2018,Dal,G,Landon Bow,2.0,58.15,,,,,,,,0.0,18.0,0.9470000000000001,1.03,0.0
Yahoo,2021-01-08 17:40:08.774272,2018,TB,G,Christopher Gibson,2.0,40.0,,,,,,,,0.0,16.0,0.941,1.5,0.0
Yahoo,2021-01-08 17:40:08.774272,2018,Ott,G,Kevin Mandolese,,,,,,,,,,,,,,
Yahoo,2021-01-08 17:40:08.774272,2018,TB,G,Spencer Martin,,,,,,,,,,,,,,
Yahoo,2021-01-08 17:40:08.774272,2018,LA,G,Matt Villalta,,,,,,,,,,,,,,
Yahoo,2021-01-08 17:40:08.774272,2018,Mon,G,Michael McNiven,,,,,,,,,,,,,,
Yahoo,2021-01-08 17:40:08.774272,2018,Dal,G,Kari Lehtonen,,,,,,,,,,,,,,
Yahoo,2021-01-08 17:40:08.774272,2018,Cgy,G,Artyom Zagidulin,,,,,,,,,,,,,,
Yahoo,2021-01-08 17:40:08.774272,2018,Cls,G,Veini Vehvilainen,,,,,,,,,,,,,,
Yahoo,2021-01-08 17:40:08.774272,2018,Edm,G,Stuart Skinner,,,,,,,,,,,,,,
Yahoo,2021-01-08 17:40:08.774272,2018,Cgy,G,Tyler Parsons,,,,,,,,,,,,,,
Yahoo,2021-01-08 17:40:08.774272,2018,Dal,G,Jake Oettinger,,,,,,,,,,,,,,
Yahoo,2021-01-08 17:40:08.774272,2018,Chi,G,Alexis Gravel,,,,,,,,,,,,,,
Yahoo,2021-01-08 17:40:08.774272,2018,Tor,G,Ian Scott,,,,,,,,,,,,,,
Yahoo,2021-01-08 17:40:08.774272,2018,NYI,G,Jared Coreau,,,,,,,,,,,,,,
Yahoo,2021-01-08 17:40:08.774272,2018,Was,G,Vitek Vanecek,,,,,,,,,,,,,,
Yahoo,2021-01-08 17:40:08.774272,2019,TB,G,Andrei Vasilevskiy,52.0,,,,,,,,,35.0,1472.0,0.917,2.56,3.0
Yahoo,2021-01-08 17:40:08.774272,2019,Wpg,G,Connor Hellebuyck,58.0,,,,,,,,,31.0,1656.0,0.922,2.57,6.0
Yahoo,2021-01-08 17:40:08.774272,2019,Phi,G,Carter Hart,43.0,,,,,,,,,24.0,1005.0,0.914,2.42,1.0
Yahoo,2021-01-08 17:40:08.774272,2019,Bos,G,Tuukka Rask,41.0,,,,,,,,,26.0,1104.0,0.929,2.12,5.0
Yahoo,2021-01-08 17:40:08.774272,2019,VGK,G,Robin Lehner,36.0,,,,,,,,,19.0,1136.0,0.92,2.89,1.0
Yahoo,2021-01-08 17:40:08.774272,2019,Was,G,Ilya Samsonov,26.0,,,,,,,,,16.0,629.0,0.9129999999999999,2.55,1.0
Yahoo,2021-01-08 17:40:08.774272,2019,StL,G,Jordan Binnington,50.0,,,,,,,,,30.0,1304.0,0.912,2.56,3.0
Yahoo,2021-01-08 17:40:08.774272,2019,Mon,G,Carey Price,58.0,,,,,,,,,27.0,1595.0,0.909,2.79,4.0
Yahoo,2021-01-08 17:40:08.774272,2019,Tor,G,Frederik Andersen,52.0,,,,,,,,,29.0,1434.0,0.909,2.85,3.0
Yahoo,2021-01-08 17:40:08.774272,2019,Ari,G,Darcy Kuemper,29.0,,,,,,,,,16.0,838.0,0.9279999999999999,2.22,2.0
Yahoo,2021-01-08 17:40:08.774272,2019,Pit,G,Tristan Jarry,33.0,,,,,,,,,20.0,907.0,0.9209999999999999,2.43,3.0
Yahoo,2021-01-08 17:40:08.774272,2019,NYR,G,Igor Shesterkin,12.0,691.35,,,,,,,,10.0,395.0,0.932,2.52,0.0
Yahoo,2021-01-08 17:40:08.774272,2019,Dal,G,Anton Khudobin,30.0,,,,,,,,,16.0,820.0,0.93,2.22,0.0
Yahoo,2021-01-08 17:40:08.774272,2019,Col,G,Pavel Francouz,34.0,,,,,,,,,21.0,919.0,0.9229999999999999,2.41,1.0
Yahoo,2021-01-08 17:40:08.774272,2019,Car,G,Petr Mrazek,40.0,,,,,,,,,21.0,987.0,0.905,2.69,3.0
Yahoo,2021-01-08 17:40:08.774272,2019,Cgy,G,Jacob Markstrom,43.0,,,,,,,,,23.0,1303.0,0.9179999999999999,2.75,2.0
Yahoo,2021-01-08 17:40:08.774272,2019,Col,G,Philipp Grubauer,36.0,,,,,,,,,18.0,977.0,0.9159999999999999,2.63,2.0
Yahoo,2021-01-08 17:40:08.774272,2019,VGK,G,Marc-Andre Fleury,49.0,,,,,,,,,27.0,1266.0,0.905,2.77,5.0
Yahoo,2021-01-08 17:40:08.774272,2019,Bos,G,Jaroslav Halak,31.0,,,,,,,,,18.0,832.0,0.919,2.39,3.0
Yahoo,2021-01-08 17:40:08.774272,2019,Cls,G,Elvis Merzlikins,33.0,,,,,,,,,13.0,848.0,0.9229999999999999,2.35,5.0
Yahoo,2021-01-08 17:40:08.774272,2019,Van,G,Braden Holtby,48.0,,,,,,,,,25.0,1243.0,0.897,3.11,0.0
Yahoo,2021-01-08 17:40:08.774272,2019,Nsh,G,Juuse Saros,40.0,,,,,,,,,17.0,1044.0,0.914,2.7,4.0
Yahoo,2021-01-08 17:40:08.774272,2019,Cls,G,Joonas Korpisalo,37.0,,,,,,,,,19.0,938.0,0.9109999999999999,2.6,2.0
Yahoo,2021-01-08 17:40:08.774272,2019,Dal,G,Ben Bishop,44.0,,,,,,,,,21.0,1183.0,0.92,2.5,2.0
Yahoo,2021-01-08 17:40:08.774272,2019,Fla,G,Sergei Bobrovsky,50.0,,,,,,,,,23.0,1354.0,0.9,3.23,1.0
Yahoo,2021-01-08 17:40:08.774272,2019,Van,G,Thatcher Demko,27.0,,,,,,,,,13.0,744.0,0.905,3.06,0.0
Yahoo,2021-01-08 17:40:08.774272,2019,Anh,G,John Gibson,51.0,,,,,,,,,20.0,1403.0,0.904,3.0,1.0
Yahoo,2021-01-08 17:40:08.774272,2019,NYI,G,Semyon Varlamov,45.0,,,,,,,,,19.0,1168.0,0.914,2.62,2.0
Yahoo,2021-01-08 17:40:08.774272,2019,NYI,G,Ilya Sorokin,,,,,,,,,,,,,,
Yahoo,2021-01-08 17:40:08.774272,2019,Min,G,Alex Stalock,38.0,,,,,,,,,20.0,985.0,0.91,2.67,4.0
Yahoo,2021-01-08 17:40:08.774272,2019,NJ,G,MacKenzie Blackwood,47.0,,,,,,,,,22.0,1328.0,0.915,2.77,3.0
Yahoo,2021-01-08 17:40:08.774272,2019,Edm,G,Mikko Koskinen,38.0,,,,,,,,,18.0,1078.0,0.917,2.75,1.0
Yahoo,2021-01-08 17:40:08.774272,2019,Ott,G,Matt Murray,38.0,,,,,,,,,20.0,948.0,0.899,2.87,1.0
Yahoo,2021-01-08 17:40:08.774272,2019,SJ,G,Devan Dubnyk,30.0,,,,,,,,,12.0,756.0,0.89,3.35,1.0
Yahoo,2021-01-08 17:40:08.774272,2019,NJ,G,Corey Crawford,40.0,,,,,,,,,16.0,1186.0,0.917,2.77,1.0
Yahoo,2021-01-08 17:40:08.774272,2019,NYR,G,Alexandar Georgiev,34.0,,,,,,,,,17.0,967.0,0.91,3.04,2.0
Yahoo,2021-01-08 17:40:08.774272,2019,Min,G,Cam Talbot,26.0,,,,,,,,,12.0,717.0,0.919,2.63,2.0
Yahoo,2021-01-08 17:40:08.774272,2019,Mon,G,Jake Allen,24.0,,,,,,,,,12.0,607.0,0.927,2.15,2.0
Yahoo,2021-01-08 17:40:08.774272,2019,LA,G,Jonathan Quick,42.0,,,,,,,,,16.0,1107.0,0.904,2.79,1.0
Yahoo,2021-01-08 17:40:08.774272,2019,Chi,G,Malcolm Subban,21.0,,,,,,,,,9.0,486.0,0.89,3.17,0.0
Yahoo,2021-01-08 17:40:08.774272,2019,Buf,G,Carter Hutton,31.0,,,,,,,,,12.0,824.0,0.898,3.18,2.0
Yahoo,2021-01-08 17:40:08.774272,2019,Car,G,James Reimer,25.0,,,,,,,,,14.0,651.0,0.914,2.66,3.0
Yahoo,2021-01-08 17:40:08.774272,2019,Buf,G,Linus Ullmark,34.0,,,,,,,,,17.0,975.0,0.915,2.69,1.0
Yahoo,2021-01-08 17:40:08.774272,2019,LA,G,Calvin Petersen,8.0,477.22,,,,,,,,5.0,248.0,0.922,2.64,0.0
Yahoo,2021-01-08 17:40:08.774272,2019,Ari,G,Antti Raanta,33.0,,,,,,,,,15.0,934.0,0.9209999999999999,2.63,2.0
Yahoo,2021-01-08 17:40:08.774272,2019,Det,G,Jimmy Howard,27.0,,,,,,,,,2.0,721.0,0.882,4.2,0.0
Yahoo,2021-01-08 17:40:08.774272,2019,Fla,G,Chris Driedger,12.0,642.4,,,,,,,,7.0,332.0,0.938,2.05,1.0
Yahoo,2021-01-08 17:40:08.774272,2019,Det,G,Thomas Greiss,31.0,,,,,,,,,16.0,765.0,0.9129999999999999,2.74,0.0
Yahoo,2021-01-08 17:40:08.774272,2019,Cgy,G,David Rittich,48.0,,,,,,,,,24.0,1340.0,0.907,2.97,2.0
Yahoo,2021-01-08 17:40:08.774272,2019,TB,G,Curtis McElhinney,18.0,,,,,,,,,8.0,499.0,0.9059999999999999,2.89,1.0
Yahoo,2021-01-08 17:40:08.774272,2019,Phi,G,Brian Elliott,31.0,,,,,,,,,16.0,716.0,0.899,2.87,2.0
Yahoo,2021-01-08 17:40:08.774272,2019,Nsh,G,Pekka Rinne,36.0,,,,,,,,,18.0,899.0,0.895,3.17,3.0
Yahoo,2021-01-08 17:40:08.774272,2019,Pit,G,Casey DeSmith,,,,,,,,,,,,,,
Yahoo,2021-01-08 17:40:08.774272,2019,Tor,G,Jack Campbell,26.0,,,,,,,,,11.0,688.0,0.904,2.8,0.0
Yahoo,2021-01-08 17:40:08.774272,2019,Ari,G,Adin Hill,13.0,640.46,,,,,,,,2.0,315.0,0.9179999999999999,2.62,0.0
Yahoo,2021-01-08 17:40:08.774272,2019,Mon,G,Cayden Primeau,2.0,119.06,,,,,,,,1.0,67.0,0.9309999999999999,2.52,0.0
Yahoo,2021-01-08 17:40:08.774272,2019,Det,G,Kevin Boyle,,,,,,,,,,,,,,
Yahoo,2021-01-08 17:40:08.774272,2019,Was,G,Pheonix Copley,,,,,,,,,,,,,,
Yahoo,2021-01-08 17:40:08.774272,2019,Min,G,Kaapo Kahkonen,5.0,304.12,,,,,,,,3.0,157.0,0.9129999999999999,2.96,0.0
Yahoo,2021-01-08 17:40:08.774272,2019,Dal,G,Landon Bow,,,,,,,,,,,,,,
Yahoo,2021-01-08 17:40:08.774272,2019,TB,G,Christopher Gibson,,,,,,,,,,,,,,
Yahoo,2021-01-08 17:40:08.774272,2019,Ott,G,Kevin Mandolese,,,,,,,,,,,,,,
Yahoo,2021-01-08 17:40:08.774272,2019,TB,G,Spencer Martin,,,,,,,,,,,,,,
Yahoo,2021-01-08 17:40:08.774272,2019,LA,G,Matt Villalta,,,,,,,,,,,,,,
Yahoo,2021-01-08 17:40:08.774272,2019,Mon,G,Michael McNiven,,,,,,,,,,,,,,
Yahoo,2021-01-08 17:40:08.774272,2019,Dal,G,Kari Lehtonen,,,,,,,,,,,,,,
Yahoo,2021-01-08 17:40:08.774272,2019,Cgy,G,Artyom Zagidulin,,,,,,,,,,,,,,
Yahoo,2021-01-08 17:40:08.774272,2019,Cls,G,Veini Vehvilainen,,,,,,,,,,,,,,
Yahoo,2021-01-08 17:40:08.774272,2019,Edm,G,Stuart Skinner,,,,,,,,,,,,,,
Yahoo,2021-01-08 17:40:08.774272,2019,Cgy,G,Tyler Parsons,,,,,,,,,,,,,,
Yahoo,2021-01-08 17:40:08.774272,2019,Dal,G,Jake Oettinger,,,,,,,,,,,,,,
Yahoo,2021-01-08 17:40:08.774272,2019,Chi,G,Alexis Gravel,,,,,,,,,,,,,,
Yahoo,2021-01-08 17:40:08.774272,2019,Tor,G,Ian Scott,,,,,,,,,,,,,,
Yahoo,2021-01-08 17:40:08.774272,2019,NYI,G,Jared Coreau,,,,,,,,,,,,,,
Yahoo,2021-01-08 17:40:08.774272,2019,Was,G,Vitek Vanecek,,,,,,,,,,,,,,
