name,team,position,age,goals,assists,points,plus_minus,powerplay_points,game_winning_goals,shots_on_goal,blocks,hits,wins,shutouts,save_percentage,saves
Connor McDavid,EDM,C,25.0,42.9,82.4,125.3,8.9,43.3,8.2,266.5,32.6,59.7,,,,
Nathan MacKinnon,COL,C,26.0,36.9,62.5,99.4,16.0,36.0,5.5,332.7,28.8,56.0,,,,
Leon Draisaitl,EDM,C/LW,26.0,44.2,69.4,113.6,7.2,41.4,7.4,243.1,21.7,48.8,,,,
Nikita Kucherov,TBL,RW,27.0,38.3,66.9,105.2,14.9,36.6,6.7,245.3,24.9,44.6,,,,
Auston Matthews,TOR,C,24.0,51.7,39.2,90.8,13.5,22.9,9.1,310.2,69.6,57.9,,,,
David Pastrnak,BOS,RW,25.0,41.3,47.2,88.5,11.3,31.0,6.9,280.9,24.8,57.8,,,,
Patrick Kane,CHI,RW,33.0,33.5,61.1,94.7,-4.8,27.3,4.5,307.7,18.6,21.4,,,,
Artemi Panarin,NYR,LW,30.0,31.8,64.7,96.5,25.8,24.3,5.5,217.9,18.1,19.9,,,,
Brad Marchand,BOS,LW,33.0,35.9,60.2,96.1,17.3,28.4,6.8,211.4,20.5,68.3,,,,
Alex Ovechkin,WSH,LW,36.0,46.6,30.0,76.6,-0.8,25.3,6.1,323.2,33.8,172.6,,,,
Mikko Rantanen,COL,RW,25.0,35.4,50.7,86.1,11.9,32.5,5.0,217.1,36.2,46.0,,,,
Jonathan Huberdeau,FLA,LW,28.0,28.8,61.5,90.3,2.6,34.6,3.8,194.6,28.1,65.2,,,,
Aleksander Barkov,FLA,C,26.0,32.3,52.7,85.0,5.3,27.9,4.8,236.7,53.7,37.5,,,,
Mitch Marner,TOR,RW,24.0,24.8,66.3,91.1,14.8,23.6,4.8,216.9,48.3,30.4,,,,
Sebastian Aho,CAR,C,24.0,35.8,44.0,79.8,12.4,22.9,6.7,228.4,31.8,61.5,,,,
Sidney Crosby,PIT,C,34.0,30.2,54.3,84.5,5.1,29.0,5.1,210.3,35.6,63.4,,,,
Patrice Bergeron,BOS,C,36.0,33.8,37.8,71.6,17.7,23.6,4.9,236.9,53.5,54.1,,,,
Steven Stamkos,TBL,C/RW,31.0,34.3,44.2,78.5,8.7,29.6,5.0,199.5,32.5,71.2,,,,
Brayden Point,TBL,C/RW,25.0,35.0,45.1,80.0,15.2,24.8,6.4,190.4,34.4,34.3,,,,
Mika Zibanejad,NYR,C,28.0,34.7,39.9,74.6,0.3,24.5,6.0,240.7,59.7,96.0,,,,
Alex DeBrincat,CHI,LW/RW,24.0,37.9,36.4,74.2,-1.4,24.6,6.8,239.2,29.7,79.5,,,,
Jake Guentzel,PIT,LW/RW,27.0,36.3,42.6,78.8,9.2,19.6,6.0,217.7,43.2,79.5,,,,
Nikolaj Ehlers,WPG,LW/RW,25.0,33.0,39.3,72.3,7.8,19.0,6.4,255.8,26.1,43.1,,,,
John Tavares,TOR,C,31.0,32.5,41.1,73.6,8.3,19.5,5.1,245.1,41.3,57.8,,,,
Kirill Kaprizov,MIN,LW/RW,24.0,37.2,35.7,72.9,8.8,19.0,5.0,232.5,28.2,46.3,,,,
Mark Scheifele,WPG,C,28.0,33.0,51.7,84.7,1.2,22.9,5.7,189.3,53.5,46.1,,,,
Mark Stone,VGK,RW,29.0,27.9,50.0,77.9,17.3,22.5,5.6,174.4,54.0,57.7,,,,
Kyle Connor,WPG,LW,25.0,38.3,35.5,73.8,-0.9,18.5,6.6,245.8,24.8,23.9,,,,
Andrei Svechnikov,CAR,LW/RW,21.0,26.4,42.2,68.6,5.8,23.6,4.0,226.6,31.4,159.0,,,,
Max Pacioretty,VGK,LW,33.0,31.1,32.8,63.9,8.1,17.1,5.9,260.2,34.7,79.5,,,,
Matthew Tkachuk,CGY,LW/RW,24.0,28.0,42.8,70.8,3.9,23.0,3.7,218.9,18.5,151.7,,,,
Gabriel Landeskog,COL,C/LW,29.0,28.6,38.8,67.4,11.4,22.0,4.6,211.3,46.1,116.0,,,,
Elias Lindholm,CGY,C/RW,27.0,29.3,40.1,69.4,6.8,23.9,5.7,190.8,45.6,87.7,,,,
Ryan O'Reilly,STL,C,30.0,25.6,48.6,74.2,13.1,19.3,4.4,185.4,39.9,30.5,,,,
Jonathan Marchessault,VGK,C/LW,31.0,25.5,35.8,61.2,11.9,13.9,4.7,264.4,20.5,86.9,,,,
Johnny Gaudreau,CGY,LW/RW,28.0,25.5,46.3,71.8,-1.6,25.0,4.3,201.8,14.0,10.5,,,,
Ryan Nugent-Hopkins,EDM,C/LW,28.0,26.0,38.9,64.9,-1.2,28.8,3.8,204.1,44.2,47.1,,,,
Kevin Fiala,MIN,LW/RW,25.0,28.3,35.0,63.2,-0.1,22.0,5.6,234.5,22.6,41.3,,,,
Sean Couturier,PHI,C,29.0,29.2,41.1,70.3,7.8,16.0,4.8,210.8,40.2,59.9,,,,
Elias Pettersson,VAN,C,23.0,29.7,40.4,70.0,4.8,21.5,5.0,174.3,44.1,55.2,,,,
J.T. Miller,VAN,C/LW,28.0,24.4,45.1,69.4,0.8,26.1,3.6,167.0,38.0,130.8,,,,
Anze Kopitar,LAK,C,34.0,23.4,48.0,71.4,-2.0,26.8,4.1,166.4,57.6,58.3,,,,
Tyler Seguin,DAL,C/RW,30.0,24.5,31.4,56.0,7.2,17.8,5.3,245.5,32.7,65.5,,,,
Blake Wheeler,WPG,C/RW,35.0,21.3,49.3,70.6,-4.1,25.0,2.9,187.5,47.0,90.2,,,,
Mathew Barzal,NYI,C,24.0,22.8,48.1,71.0,5.3,16.3,3.4,198.0,37.9,31.4,,,,
William Nylander,TOR,LW/RW,25.0,27.1,36.2,63.3,9.1,16.0,5.9,208.3,20.9,19.9,,,,
Patrik Laine,CBJ,LW/RW,23.0,33.1,27.0,60.0,-10.4,22.3,3.8,230.3,39.7,80.3,,,,
David Perron,STL,LW/RW,33.0,24.3,40.6,64.8,2.2,23.9,4.0,179.7,25.7,64.2,,,,
Taylor Hall,BOS,LW,30.0,20.5,41.0,61.5,0.1,20.4,3.4,227.4,32.0,53.2,,,,
Bryan Rust,PIT,LW/RW,29.0,30.5,30.2,60.7,10.4,15.6,5.5,200.6,48.7,98.8,,,,
Brock Boeser,VAN,RW,24.0,28.1,35.1,63.2,-1.4,18.4,3.7,208.8,26.0,38.4,,,,
Jakub Vrana,DET,LW,25.0,31.8,32.6,64.4,7.2,11.4,6.0,207.2,24.1,51.0,,,,
Roope Hintz,DAL,C/LW,25.0,24.5,35.7,60.1,6.8,23.7,4.0,169.4,34.3,98.9,,,,
Joe Pavelski,DAL,C/RW,37.0,26.9,28.8,55.7,11.8,21.0,4.4,180.6,57.2,81.7,,,,
Nicklas Backstrom,WSH,C,34.0,19.4,50.7,70.0,1.9,24.2,2.8,150.5,42.1,41.1,,,,
Brady Tkachuk,OTT,LW,22.0,25.9,29.4,55.3,-10.5,13.3,3.9,297.6,39.0,316.2,,,,
Sam Reinhart,FLA,C/RW,26.0,28.4,32.7,61.1,2.8,19.4,4.1,182.4,38.2,33.8,,,,
Jack Eichel,BUF,C,25.0,22.7,39.5,62.3,-6.4,21.5,3.3,206.2,38.7,47.7,,,,
Filip Forsberg,NSH,LW,27.0,25.2,31.6,56.7,2.0,16.5,4.2,221.6,30.1,90.8,,,,
Claude Giroux,PHI,C/LW,34.0,21.5,41.8,63.3,2.1,18.6,3.6,190.5,14.3,41.7,,,,
Teuvo Teravainen,CAR,LW/RW,27.0,18.3,44.7,62.9,12.1,17.3,2.6,173.9,28.5,29.0,,,,
Tomas Hertl,SJS,C/LW,28.0,30.4,36.7,67.1,-2.7,14.0,3.8,180.9,55.6,56.6,,,,
Mike Hoffman,MTL,LW/RW,32.0,26.3,28.4,54.7,-7.2,22.1,4.1,199.6,23.1,40.7,,,,
William Karlsson,VGK,C,29.0,24.0,35.3,59.3,14.8,13.1,4.3,166.3,44.5,46.7,,,,
Bo Horvat,VAN,C,26.0,26.0,32.9,58.8,-6.5,16.9,3.1,203.7,62.6,75.9,,,,
Jason Robertson,DAL,LW,22.0,24.6,36.1,60.7,10.7,8.5,4.2,191.0,21.0,45.5,,,,
Brendan Gallagher,MTL,RW,29.0,27.6,20.7,48.3,4.8,8.0,3.6,251.5,30.9,87.9,,,,
Vladimir Tarasenko,STL,RW,30.0,22.6,29.6,52.2,2.7,14.4,3.0,216.6,37.1,81.3,,,,
Dominik Kubalik,CHI,LW/RW,26.0,29.3,24.5,53.8,-0.4,14.0,4.4,207.2,24.5,89.7,,,,
Vincent Trocheck,CAR,C,28.0,20.1,35.3,55.3,-2.7,20.0,2.9,193.8,44.0,134.5,,,,
Jonathan Toews,CHI,C,32.0,22.8,39.0,61.7,-0.7,14.0,3.8,189.4,33.0,46.2,,,,
Ryan Strome,NYR,C/RW,28.0,18.1,40.3,58.5,7.2,17.5,2.6,164.1,33.1,48.5,,,,
Oliver Bjorkstrand,CBJ,LW/RW,26.0,28.9,30.2,59.1,-4.7,9.1,4.4,222.4,36.6,63.4,,,,
Nick Suzuki,MTL,C/RW,22.0,21.6,38.7,60.3,-6.3,19.0,2.6,180.2,51.7,103.3,,,,
Jesse Puljujarvi,EDM,RW,23.0,25.1,23.4,48.5,6.0,9.7,1.0,233.0,40.4,203.9,,,,
Tyler Toffoli,MTL,LW/RW,29.0,27.5,22.6,50.1,0.2,11.6,4.3,226.6,18.6,81.7,,,,
Dylan Larkin,DET,C,25.0,21.2,35.2,56.4,-9.6,12.1,2.7,243.4,38.5,67.2,,,,
Timo Meier,SJS,LW/RW,25.0,23.6,31.1,54.7,-4.9,11.2,2.3,234.0,39.5,129.1,,,,
Anders Lee,NYI,LW,31.0,27.0,22.8,49.7,5.2,12.5,4.4,205.0,43.8,101.1,,,,
Andre Burakovsky,COL,LW/RW,26.0,23.6,32.8,56.4,9.1,17.3,3.9,142.9,31.8,36.0,,,,
Patric Hornqvist,FLA,RW,35.0,22.1,22.7,44.8,2.2,16.0,2.5,222.5,43.5,131.8,,,,
Pavel Buchnevich,STL,RW,26.0,24.0,34.8,58.8,1.2,15.0,3.3,170.6,34.7,76.3,,,,
Brock Nelson,NYI,C,30.0,27.3,27.7,54.9,5.7,10.4,4.9,185.5,45.4,54.1,,,,
Brayden Schenn,STL,C/RW,30.0,23.1,34.1,57.2,2.0,16.0,4.2,163.9,36.0,137.4,,,,
Conor Garland,VAN,LW/RW,25.0,23.2,30.3,53.5,-0.2,12.2,3.7,206.2,29.0,40.2,,,,
Evgeny Kuznetsov,WSH,C,29.0,19.4,40.0,59.4,3.6,15.6,3.0,158.6,24.9,44.6,,,,
Reilly Smith,VGK,RW,30.0,23.5,28.7,52.2,13.4,9.6,3.8,180.8,30.7,56.4,,,,
Zach Hyman,EDM,LW/RW,29.0,26.6,25.2,51.8,22.4,5.1,4.2,170.2,38.7,104.0,,,,
Cam Atkinson,PHI,RW,32.0,23.7,23.8,47.5,0.0,13.4,3.8,217.0,30.2,27.9,,,,
Travis Konecny,PHI,RW,24.0,23.2,33.2,56.4,0.5,14.9,3.4,171.6,36.8,83.5,,,,
T.J. Oshie,WSH,C/RW,35.0,26.9,28.9,55.8,2.2,17.1,3.7,147.3,49.9,106.8,,,,
Cole Caufield,MTL,RW,21.0,27.3,25.3,52.5,-5.4,10.5,5.3,216.5,10.5,31.4,,,,
Josh Norris,OTT,C,22.0,25.7,30.1,55.8,-11.2,21.4,3.4,158.8,51.6,107.1,,,,
Martin Necas,CAR,C/RW,23.0,21.2,34.3,55.5,7.8,13.7,3.7,151.7,39.3,77.3,,,,
Alexander Radulov,DAL,LW/RW,35.0,20.2,30.4,50.5,8.2,15.6,3.7,160.4,49.6,52.8,,,,
Jared McCann,SEA,C/LW,25.0,21.7,27.7,49.4,7.2,11.9,4.1,186.2,39.2,88.3,,,,
Clayton Keller,ARI,LW/RW,23.0,19.4,33.5,52.9,-10.1,16.7,3.5,205.2,21.0,28.6,,,,
Ondrej Palat,TBL,LW,30.0,17.8,33.2,51.0,12.5,15.8,3.2,144.4,60.2,125.5,,,,
Craig Smith,BOS,RW,32.0,21.0,21.7,42.7,14.0,8.0,2.9,210.3,23.6,83.5,,,,
Jamie Benn,DAL,C/LW,32.0,20.9,27.9,48.8,6.5,13.0,3.1,181.4,53.1,135.0,,,,
Nazem Kadri,COL,C,31.0,20.6,26.0,46.6,0.0,13.7,2.7,207.6,19.2,66.4,,,,
Jakub Voracek,CBJ,LW/RW,32.0,15.6,46.9,62.4,-4.8,14.0,2.9,166.6,27.8,24.0,,,,
Sean Monahan,CGY,C,27.0,22.7,31.0,53.6,-1.7,15.1,5.0,169.8,24.0,60.1,,,,
Chris Kreider,NYR,LW,30.0,26.4,21.2,47.6,3.5,15.4,3.6,167.5,45.2,143.0,,,,
Alex Killorn,TBL,LW/RW,32.0,21.1,27.0,48.1,17.7,10.3,3.1,159.4,21.4,82.0,,,,
Victor Olofsson,BUF,LW/RW,26.0,22.2,28.3,50.4,-10.8,21.1,2.8,176.7,19.6,22.7,,,,
Phil Kessel,ARI,RW,34.0,22.6,32.8,55.4,-16.4,20.8,3.2,174.7,18.5,16.7,,,,
Tomas Tatar,NJD,LW/RW,31.0,21.4,33.5,54.8,3.0,11.6,2.9,168.9,30.5,88.3,,,,
Jack Hughes,NJD,C/LW,20.0,19.5,35.7,55.2,-2.9,8.6,2.4,206.8,27.8,25.6,,,,
Logan Couture,SJS,C,32.0,24.8,29.1,53.9,-3.4,13.6,3.2,172.8,54.3,65.1,,,,
Tim Stutzle,OTT,LW,20.0,21.2,32.8,54.0,-9.4,15.9,3.1,184.7,26.0,82.4,,,,
Viktor Arvidsson,LAK,LW/RW,28.0,24.2,21.6,45.7,4.6,7.0,3.9,216.6,40.7,29.5,,,,
Drake Batheron,OTT,RW,23.0,21.3,30.7,51.9,-9.8,23.3,3.6,149.8,48.3,147.4,,,,
Jordan Eberle,SEA,RW,31.0,22.2,26.6,48.8,3.2,11.5,4.2,176.0,33.7,44.0,,,,
Jaden Schwartz,SEA,LW,29.0,19.9,31.3,51.1,3.1,12.6,3.0,164.5,35.2,65.1,,,,
Evgeni Malkin,PIT,C,35.0,16.9,37.3,54.3,-1.6,17.9,3.0,134.7,21.1,34.3,,,,
Anthony Mantha,WSH,LW/RW,27.0,23.2,25.2,48.4,-4.1,9.7,2.4,196.6,35.0,74.1,,,,
Sam Bennett,FLA,C/LW,25.0,20.8,25.8,46.6,1.9,6.5,3.5,207.1,30.8,174.1,,,,
Carter Verhaeghe,FLA,C/LW,26.0,26.2,23.7,49.8,10.6,4.0,4.0,167.2,23.2,60.5,,,,
Kyle Palmieri,NYI,LW/RW,30.0,22.1,19.5,41.6,-1.0,15.3,3.6,179.4,31.4,88.2,,,,
Nino Niederreiter,CAR,LW/RW,29.0,21.8,22.5,44.3,8.0,9.8,3.3,169.9,23.3,86.0,,,,
Nico Hischier,NJD,C,23.0,19.5,30.1,49.6,-1.6,12.5,2.6,168.9,49.3,56.7,,,,
Yanni Gourde,SEA,C/RW,30.0,19.1,29.3,48.4,8.7,10.3,4.0,150.4,30.7,77.2,,,,
James van Riemsdyk,PHI,LW,32.0,21.2,24.9,46.1,-1.2,12.1,2.4,176.6,19.6,38.9,,,,
Mikael Backlund,CGY,C/RW,32.0,16.5,30.4,46.8,1.9,8.1,2.9,196.5,25.8,54.2,,,,
Oliver Wahlstrom,NYI,RW,21.0,20.0,17.3,37.2,3.2,15.8,2.8,173.2,29.5,110.0,,,,
Dustin Brown,LAK,RW,37.0,21.4,22.2,43.5,-0.7,12.1,2.9,177.9,19.8,132.2,,,,
Anthony Duclair,FLA,LW/RW,26.0,21.4,24.1,45.5,6.7,6.3,2.8,178.0,31.5,55.5,,,,
Trevor Zegras,ANA,C/LW,20.0,17.4,35.3,52.7,2.5,4.3,1.9,180.5,18.3,32.9,,,,
Rickard Rakell,ANA,LW/RW,28.0,18.3,27.9,46.2,-6.6,9.6,2.1,200.2,29.3,90.5,,,,
Chandler Stephenson,VGK,C/LW,27.0,18.5,28.1,46.6,21.6,6.9,5.0,119.1,47.8,65.9,,,,
Nick Schmaltz,ARI,C/RW,25.0,15.4,36.9,52.3,-4.1,14.6,2.4,141.4,38.4,20.7,,,,
Pierre-Luc Dubois,WPG,C,23.0,20.3,28.5,48.8,1.6,9.6,3.7,153.9,48.7,98.4,,,,
Joel Farabee,PHI,LW/RW,21.0,22.3,25.4,47.7,2.4,7.5,2.3,163.0,32.0,67.5,,,,
Blake Coleman,CGY,LW/RW,29.0,23.2,18.3,41.5,-0.3,4.9,3.6,205.0,39.6,185.5,,,,
Denis Gurianov,DAL,LW/RW,24.0,20.0,18.7,38.6,2.7,11.5,3.7,175.2,21.7,89.1,,,,
Alexis Lafreniere,NYR,LW,20.0,23.4,29.9,53.3,-5.2,9.9,5.7,143.0,20.1,70.7,,,,
Anthony Cirelli,TBL,C/RW,24.0,18.9,27.0,45.8,16.9,6.0,3.7,133.2,51.9,102.0,,,,
Eeli Tolvanen,NSH,LW/RW,22.0,20.8,22.3,43.0,-6.7,22.1,5.3,123.6,31.7,138.3,,,,
Jeff Skinner,BUF,LW,29.0,22.5,16.2,38.6,-9.2,8.4,3.1,219.3,19.2,34.7,,,,
Joonas Donskoi,SEA,LW/RW,29.0,20.8,23.0,43.8,7.3,9.2,3.7,141.3,39.9,33.2,,,,
Andrew Mangiapane,CGY,LW/RW,25.0,24.5,22.0,46.5,2.9,8.0,4.1,143.2,40.4,81.6,,,,
Josh Bailey,NYI,LW/RW,32.0,14.9,37.3,52.2,3.0,12.2,2.9,117.0,37.4,22.7,,,,
Kevin Hayes,PHI,C,29.0,20.4,23.0,43.4,-3.1,9.9,3.6,168.1,20.4,80.4,,,,
Kevin Labanc,SJS,LW/RW,26.0,18.0,28.5,46.5,-11.8,11.2,3.4,181.5,24.0,76.2,,,,
Jordan Kyrou,STL,C/RW,23.0,19.1,29.8,48.8,1.6,6.9,2.6,148.3,23.6,21.8,,,,
Frank Vatrano,FLA,LW/RW,27.0,21.7,15.4,37.1,-0.9,5.2,3.8,203.5,46.2,112.0,,,,
Anthony Beauvillier,NYI,LW,24.0,21.6,19.6,41.2,2.5,6.7,4.2,166.7,33.0,85.6,,,,
Joel Eriksson Ek,MIN,C,25.0,18.3,22.3,40.5,10.7,3.4,3.5,166.2,51.9,135.0,,,,
Evander Kane,SJS,LW/RW,30.0,20.2,19.5,39.7,-3.4,9.8,2.4,173.9,18.7,98.2,,,,
Jake DeBrusk,BOS,LW/RW,25.0,18.6,19.1,37.6,4.4,8.2,3.9,169.1,28.4,57.9,,,,
Jordan Staal,CAR,C,33.0,16.6,25.3,41.9,2.0,11.2,2.6,147.1,32.1,164.8,,,,
Mats Zuccarello,MIN,RW,34.0,15.8,33.2,48.9,1.0,11.0,2.0,124.3,36.9,23.8,,,,
Alex Iafallo,LAK,LW,28.0,18.4,25.2,43.6,-7.3,10.8,3.0,165.2,53.7,56.8,,,,
Kasperi Kapanen,PIT,LW/RW,25.0,18.0,27.5,45.4,6.9,5.1,3.2,144.9,18.5,83.0,,,,
Jack Roslovic,CBJ,C/RW,25.0,18.6,29.4,48.0,-4.8,9.1,2.3,146.7,34.0,64.9,,,,
Jesper Bratt,NJD,LW/RW,23.0,15.8,30.7,46.5,-3.8,10.7,2.4,145.4,29.9,49.0,,,,
Max Domi,CBJ,C/LW,26.0,16.7,28.8,45.4,-3.6,7.8,2.4,162.6,21.1,37.3,,,,
Tom Wilson,WSH,RW,27.0,20.4,24.6,44.9,3.2,6.5,3.2,139.5,49.2,206.8,,,,
Tyler Bertuzzi,DET,LW/RW,26.0,20.4,25.3,45.8,-4.6,11.3,2.8,131.4,34.5,73.4,,,,
Pius Suter,DET,C/RW,25.0,22.1,20.9,42.9,-5.7,5.0,4.1,177.3,48.4,43.0,,,,
Jeff Carter,PIT,C/RW,37.0,19.0,16.7,35.6,-8.1,8.3,3.3,201.2,33.7,70.2,,,,
Filip Zadina,DET,LW/RW,22.0,16.7,21.3,38.0,-11.3,13.6,2.3,176.2,33.2,39.2,,,,
Adrian Kempe,LAK,LW/RW,25.0,16.3,22.8,39.1,-7.2,12.8,2.3,163.8,25.4,83.3,,,,
Kirby Dach,CHI,C,21.0,14.8,32.9,47.6,-3.2,5.7,2.9,159.8,40.7,46.5,,,,
Calle Jarnkrok,SEA,LW/RW,30.0,17.0,21.7,38.7,8.7,8.4,2.6,136.9,27.6,45.7,,,,
Andrew Copp,WPG,LW/RW,27.0,16.4,24.5,40.9,4.3,8.5,3.4,142.6,44.1,83.6,,,,
Connor Brown,OTT,LW/RW,28.0,21.3,23.5,44.8,-5.1,4.5,2.1,165.9,37.9,36.2,,,,
Ryan Johansen,NSH,C,29.0,13.6,31.6,45.2,1.5,11.7,2.5,116.6,29.3,66.8,,,,
Max Comtois,ANA,LW/RW,23.0,21.5,24.5,45.9,-3.0,7.5,3.0,133.1,44.4,149.1,,,,
Pavel Zacha,NJD,C/LW,24.0,17.8,25.1,42.9,-7.5,12.8,3.0,136.8,21.4,71.8,,,,
Jonathan Drouin,MTL,C/LW,26.0,12.4,30.8,43.2,-8.4,12.7,2.4,151.0,18.7,65.1,,,,
Casey Mittelstadt,BUF,C/RW,23.0,18.8,25.6,44.4,-12.6,12.8,3.3,143.5,24.9,25.0,,,,
Matt Duchene,NSH,C/RW,31.0,15.8,26.9,42.7,-7.1,9.4,1.9,157.6,25.4,56.0,,,,
Gustav Nyquist,CBJ,LW/RW,31.0,15.9,24.9,40.7,-1.5,7.4,2.7,156.9,25.0,42.1,,,,
Evgenii Dadonov,VGK,LW/RW,32.0,20.1,20.2,40.3,0.9,8.1,3.2,136.6,29.9,37.2,,,,
Paul Stastny,WPG,C/LW,36.0,16.4,24.4,40.8,4.7,8.2,3.5,129.6,26.9,53.6,,,,
Brandon Saad,STL,LW/RW,29.0,22.7,17.5,40.2,-1.9,3.1,4.5,166.6,24.0,40.9,,,,
Yegor Sharangovich,NJD,LW/RW,23.0,22.2,21.3,43.5,-3.5,2.5,3.7,162.9,29.7,32.2,,,,
Christian Dvorak,MTL,C/LW,25.0,19.7,22.0,41.7,-7.4,10.2,3.1,141.2,51.5,65.6,,,,
Kailer Yamamoto,EDM,RW,23.0,17.2,25.5,42.7,14.9,3.5,1.0,108.5,51.6,88.3,,,,
Marco Rossi,MIN,C,20.0,15.4,27.3,42.7,2.2,7.5,2.2,130.3,33.2,43.7,,,,
Nick Ritchie,TOR,LW,25.0,15.8,20.0,35.7,4.2,8.1,2.9,146.7,29.5,166.3,,,,
Quinton Byfield,LAK,C,26.0,17.1,24.9,41.9,1.7,6.4,2.0,133.6,37.0,54.5,,,,
Josh Anderson,MTL,RW,27.0,20.2,12.3,32.5,2.4,3.2,4.2,179.6,32.9,168.2,,,,
Zach Parise,NYI,LW,37.0,17.4,18.3,35.7,0.7,7.7,3.6,151.3,40.4,34.4,,,,
Mikael Granlund,NSH,C/RW,29.0,18.7,20.2,38.9,-2.1,9.7,3.1,131.4,58.3,56.9,,,,
Dylan Strome,CHI,C/RW,24.0,15.9,26.6,42.5,-3.4,10.5,2.6,122.5,37.4,24.3,,,,
Jason Zucker,PIT,LW/RW,30.0,18.7,20.5,39.2,-6.0,8.9,3.5,146.6,27.7,113.4,,,,
Nils Hoglander,VAN,LW/RW,21.0,18.8,22.2,41.0,-2.9,2.2,2.2,166.2,28.9,43.6,,,,
Tanner Pearson,VAN,LW,29.0,19.7,17.3,36.9,-7.3,7.5,2.7,164.1,42.1,92.6,,,,
Adam Henrique,ANA,C/LW,31.0,21.5,18.8,40.3,-5.7,7.7,2.7,140.2,49.5,74.9,,,,
Jakob Silfverberg,ANA,RW,31.0,19.1,18.3,37.3,-6.1,7.1,2.0,160.5,44.5,36.7,,,,
Tyler Johnson,CHI,C/RW,31.0,18.0,19.1,37.1,5.0,6.1,2.9,132.8,26.6,76.9,,,,
Dmirtij Jaskin,ARI,LW/RW,26.0,19.2,20.4,39.7,-10.3,3.8,1.5,174.8,39.1,213.1,,,,
Kaapo Kakko,NYR,RW,20.0,16.5,18.0,34.4,-8.3,11.0,2.8,151.3,24.1,32.1,,,,
Jean-Gabriel Pageau,NYI,C,29.0,18.7,16.9,35.6,-1.1,8.0,3.1,134.8,65.1,132.2,,,,
Lars Eller,WSH,C,32.0,15.6,23.4,38.9,-0.3,4.4,1.9,145.2,42.8,64.5,,,,
Matthew Boldy,MIN,LW,21.0,13.6,25.0,38.6,1.2,6.8,1.8,132.1,25.1,68.0,,,,
Dylan Cozens,BUF,C/RW,20.0,16.3,25.6,41.9,-16.2,6.8,1.0,166.9,24.0,65.3,,,,
Robby Fabbri,DET,C/LW,26.0,19.8,20.8,40.6,-11.8,8.3,5.0,136.6,27.4,81.2,,,,
Phillip Danault,LAK,C,28.0,10.6,31.9,42.4,8.8,2.0,0.9,117.6,42.1,104.1,,,,
Ross Colton,TBL,C/LW,25.0,18.3,15.0,33.3,7.9,0.5,5.3,146.0,23.4,116.6,,,,
Dillon Dube,CGY,LW/RW,23.0,16.3,21.1,37.4,-0.4,4.3,2.1,138.9,23.2,94.2,,,,
Miles Wood,NJD,LW,26.0,17.8,14.3,32.1,-7.2,3.4,2.4,183.0,32.9,89.1,,,,
Michael Bunting,TOR,LW,26.0,19.6,19.0,38.6,0.5,4.7,2.7,120.0,9.2,94.4,,,,
Ryan Hartman,MIN,C/RW,27.0,12.8,20.9,33.6,2.5,5.5,2.1,140.2,58.8,77.6,,,,
Andreas Athanasiou,LAK,LW/RW,27.0,18.0,19.2,37.2,-13.7,6.1,2.3,160.1,27.3,32.2,,,,
Valeri Nichushkin,COL,LW/RW,26.0,14.0,16.1,30.0,14.3,1.2,2.8,133.7,34.2,95.6,,,,
Barrett Hayton,ARI,C/LW,21.0,15.4,22.1,37.5,-4.7,3.9,2.5,146.0,22.1,92.5,,,,
Ryan Dzingel,ARI,LW/RW,27.0,16.4,19.6,36.0,-4.3,9.0,2.3,119.0,28.5,52.3,,,,
Ilya Mikheyev,TOR,LW/RW,27.0,11.9,19.2,31.1,7.8,0.0,2.3,161.2,34.5,64.4,,,,
Tage Thompson,BUF,LW/RW,24.0,16.8,13.9,30.7,-14.5,5.5,1.0,192.0,16.7,68.9,,,,
Alex Newhook,COL,C,21.0,9.8,23.8,33.6,18.7,3.0,0.5,102.3,30.3,54.6,,,,
Charlie Coyle,BOS,C/RW,29.0,13.6,19.5,33.1,3.1,3.7,2.6,140.3,37.7,87.2,,,,
Owen Tippett,FLA,RW,22.0,12.6,19.3,31.9,-4.2,4.7,2.8,164.6,16.0,110.9,,,,
Jordan Greenway,MIN,LW/RW,24.0,11.1,29.7,40.8,3.4,2.4,1.4,120.5,46.6,118.6,,,,
Robert Thomas,STL,C/RW,22.0,11.4,30.8,42.2,3.1,6.4,1.8,91.0,23.7,21.1,,,,
Alex Barre-Boulet,TBL,C/RW,24.0,14.0,16.3,30.2,2.0,8.8,1.8,122.9,27.8,51.7,,,,
Jesperi Kotkaniemi,CAR,C/LW,21.0,14.9,20.1,35.0,-3.6,5.8,2.0,135.1,41.3,112.3,,,,
Alexandre Texier,CBJ,C/LW,22.0,14.3,22.1,36.4,-7.1,1.2,1.9,166.8,26.0,66.3,,,,
Warren Foegele,EDM,LW/RW,25.0,15.0,16.7,31.7,6.9,0.0,1.7,140.5,19.9,85.6,,,,
Boone Jenner,CBJ,C/LW,28.0,13.3,17.4,30.7,-5.3,3.1,1.9,162.7,79.3,135.2,,,,
Tyson Jost,COL,C/LW,23.0,11.5,15.9,27.4,7.6,3.3,1.3,134.8,30.1,66.2,,,,
Filip Chytil,NYR,C/RW,28.0,14.8,16.7,31.4,-3.6,4.1,2.3,139.1,33.0,30.2,,,,
Luke Kunin,NSH,C/RW,24.0,16.5,17.5,34.0,-3.4,1.7,2.6,138.2,49.2,111.9,,,,
Arttu Ruotsalainen,BUF,C,24.0,21.0,22.9,43.9,-20.3,0.0,0.0,151.3,17.2,68.6,,,,
Joel Armia,MTL,LW/RW,28.0,13.9,12.4,26.3,3.0,3.7,1.8,141.0,24.2,138.0,,,,
Alex Kerfoot,TOR,C/RW,24.0,12.0,22.7,34.7,0.2,6.7,1.4,102.6,43.0,51.5,,,,
Nick Bonino,SJS,C/RW,33.0,14.1,18.5,32.6,8.1,3.1,1.7,101.3,75.1,22.4,,,,
Ondrej Kase,TOR,RW,25.0,12.3,15.1,27.4,4.9,2.0,2.1,138.9,21.3,29.2,,,,
Alex Wennberg,SEA,C/LW,27.0,11.6,21.4,33.0,4.5,6.1,1.7,93.2,42.5,35.7,,,,
Gabriel Vilardi,LAK,C,22.0,15.9,20.9,36.8,-9.8,7.4,3.7,103.0,28.2,23.3,,,,
Victor Rask,MIN,C,28.0,12.7,18.7,31.4,4.3,7.9,2.3,83.1,16.5,41.9,,,,
Erik Haula,BOS,C/LW,30.0,12.6,15.9,28.5,3.4,5.2,2.3,112.8,26.5,64.0,,,,
Marcus Foligno,MIN,LW/RW,30.0,14.1,20.2,34.2,7.2,1.0,2.2,95.9,41.4,209.4,,,,
Vasily Podkolzin,VAN,RW,21.0,12.9,19.2,32.1,-1.7,6.1,1.4,103.5,31.5,73.9,,,,
Ryan Getzlaf,ANA,C,36.0,10.6,24.7,35.3,-12.1,7.7,1.9,119.8,64.2,111.9,,,,
Cody Glass,NSH,C/RW,22.0,11.0,16.0,27.0,-1.6,11.7,1.6,93.9,21.3,37.1,,,,
Shane Pinto,OTT,C,21.0,12.8,24.5,37.3,-10.5,3.5,1.0,123.5,53.5,79.0,,,,
Mason Appleton,SEA,C/RW,26.0,13.0,17.6,30.6,4.6,1.0,1.7,113.4,29.9,74.3,,,,
Lawson Crouse,ARI,LW,24.0,13.2,16.4,29.6,-4.9,3.4,1.9,133.7,43.3,253.3,,,,
JT Compher,COL,C/RW,26.0,13.8,15.3,29.1,1.8,4.9,2.4,101.2,59.0,44.9,,,,
Mathieu Joseph,TBL,C/RW,24.0,15.4,15.7,31.1,3.4,0.8,1.8,106.5,24.8,139.8,,,,
Vinnie Hinostroza,BUF,C/RW,27.0,9.9,20.1,30.0,-1.9,3.2,1.1,125.1,25.3,68.0,,,,
Daniel Sprong,WSH,LW/RW,24.0,16.7,10.6,27.4,-3.0,2.5,2.9,127.3,10.4,49.4,,,,
Troy Terry,ANA,RW,24.0,10.3,20.9,31.1,-2.0,4.8,1.0,109.2,21.6,13.9,,,,
Brandon Tanev,SEA,LW/RW,30.0,13.6,16.4,29.9,5.0,0.2,1.9,110.4,71.5,268.1,,,,
Henrik Borgstrom,CHI,C,23.0,13.5,18.5,32.1,-14.0,11.9,0.0,94.7,17.5,17.5,,,,
Danton Heinen,PIT,LW/RW,26.0,10.5,16.9,27.4,1.6,3.5,1.6,116.7,42.0,53.0,,,,
Nolan Patrick,VGK,C/RW,23.0,11.9,16.7,28.5,-0.8,3.6,2.3,113.2,27.7,70.3,,,,
Nick Paul,OTT,C/LW,26.0,10.3,16.4,26.6,-0.2,1.6,1.4,131.4,46.2,118.7,,,,
Scott Laughton,PHI,C/LW,27.0,13.1,16.7,29.8,2.8,0.0,1.7,112.0,40.2,153.5,,,,
Alexander Barabanov,SJS,RW,27.0,12.3,17.5,29.7,-0.5,4.0,3.1,100.5,48.2,36.3,,,,
Oskar Lindblom,PHI,LW,25.0,15.2,12.5,27.7,-4.4,2.2,1.7,123.1,40.3,67.3,,,,
Rudolfs Balcers,SJS,LW,24.0,12.3,17.0,29.3,-6.6,3.7,2.8,117.5,48.9,111.4,,,,
Radek Faksa,DAL,C,28.0,12.4,12.3,24.7,-1.0,3.2,2.0,119.3,56.1,110.2,,,,
Zach Sanford,STL,LW,27.0,14.6,13.2,27.8,1.7,2.1,2.7,99.4,50.1,100.2,,,,
Nick Foligno,BOS,LW/RW,34.0,10.2,16.2,26.4,3.5,2.2,1.5,108.1,44.6,160.8,,,,
Adam Lowry,WPG,C,28.0,11.5,14.8,26.2,3.1,1.7,2.4,109.2,41.2,208.3,,,,
Colin White,OTT,C/RW,25.0,12.3,18.5,30.8,-9.9,5.6,1.4,106.9,32.5,63.9,,,,
Artturi Lehkonen,MTL,LW/RW,26.0,10.5,13.1,23.5,2.0,0.0,1.9,131.5,35.2,116.4,,,,
Vladislav Namestnikov,DET,C/LW,28.0,13.8,15.7,29.5,-6.9,1.9,2.0,117.7,53.2,116.7,,,,
Nick Cousins,NSH,LW/RW,28.0,9.3,16.8,26.1,-2.3,3.4,1.1,117.7,35.3,96.8,,,,
Michael Rasmussen,DET,C/RW,22.0,9.6,17.7,27.3,-7.7,5.1,0.9,115.0,47.8,127.6,,,,
Janne Kuokkanen,NJD,RW,23.0,11.3,22.5,33.8,-7.6,4.1,1.8,89.3,28.0,21.4,,,,
Barclay Goodrow,NYR,C/LW,28.0,8.7,17.4,26.1,4.4,0.5,1.9,105.8,59.0,160.1,,,,
Joel Kiviranta,DAL,RW,25.0,13.9,13.1,27.1,1.8,1.6,1.1,92.5,29.2,108.8,,,,
Philipp Kurashev,CHI,C/LW,22.0,11.6,16.3,27.9,-7.9,6.7,1.9,95.7,26.7,52.0,,,,
Mattias Janmark,VGK,C/LW,29.0,9.9,15.8,25.7,-3.7,4.1,1.1,109.0,32.2,30.3,,,,
Alex Formenton,OTT,LW,22.0,13.0,14.5,27.4,-5.6,2.0,0.6,111.2,37.7,94.4,,,,
Brock McGinn,PIT,LW/RW,27.0,11.7,12.3,23.9,0.1,0.4,1.5,118.1,28.3,103.4,,,,
Trevor Moore,LAK,LW/RW,26.0,11.4,14.9,26.3,-4.8,1.7,1.0,108.5,15.6,55.1,,,,
Wayne Simmonds,TOR,RW,33.0,10.1,10.6,20.7,-5.9,6.2,1.5,111.0,25.1,116.4,,,,
Vitaly Kravtsov,NYR,RW,22.0,11.4,10.9,22.2,-6.3,1.8,0.5,124.4,24.4,41.1,,,,
Jason Dickinson,VAN,C/LW,26.0,9.6,14.0,23.5,2.9,0.7,1.6,99.6,62.3,108.4,,,,
Max Jones,ANA,LW,23.0,10.9,7.6,18.5,-7.1,4.3,1.3,125.1,19.9,124.0,,,,
John Leonard,SJS,LW/RW,23.0,8.2,17.5,25.7,-5.3,2.7,0.0,103.2,29.8,43.7,,,,
Rasmus Asplund,BUF,C/RW,24.0,11.7,17.2,28.9,-4.1,0.0,1.8,93.1,16.8,56.4,,,,
Liam Foudy,CBJ,C/RW,21.0,6.5,14.4,20.9,-0.1,0.0,1.0,122.6,17.9,55.4,,,,
Tyler Pitlick,CGY,LW/RW,30.0,10.8,10.5,21.2,2.3,0.8,1.6,98.9,53.3,130.8,,,,
Jesper Fast,CAR,RW,30.0,10.4,16.6,26.9,0.4,2.1,1.4,74.4,42.5,117.9,,,,
Christian Fischer,ARI,RW,24.0,10.4,11.6,22.0,-9.3,2.4,1.1,117.0,34.5,191.1,,,,
Chris Tierney,OTT,C,27.0,8.7,23.5,32.2,-11.6,2.2,1.6,87.6,41.1,36.4,,,,
Klim Kostin,STL,C/LW,22.0,10.1,14.1,24.2,0.0,2.4,0.0,78.1,31.4,235.2,,,,
Adam Erne,DET,LW/RW,26.0,10.1,11.9,22.0,-7.0,3.6,1.3,101.3,31.5,170.2,,,,
Anders Bjork,BUF,LW/RW,25.0,10.9,16.3,27.2,-5.5,0.5,0.5,86.9,25.4,69.4,,,,
Ryan McLeod,EDM,C,22.0,9.0,16.7,25.7,-3.8,1.9,0.5,76.1,24.0,37.6,,,,
Zack Kassian,EDM,RW,31.0,11.1,12.5,23.5,-1.8,0.2,1.1,83.1,10.9,156.6,,,,
Josh Archibald,EDM,LW/RW,29.0,12.2,9.9,22.0,-1.0,0.0,2.0,85.2,49.0,224.8,,,,
Sam Steel,ANA,C,23.0,9.3,13.8,23.1,-8.1,4.2,0.8,82.9,28.9,48.3,,,,
Michael McLeod,NJD,C,23.0,10.1,14.7,24.8,-8.2,0.0,2.0,89.9,29.4,132.5,,,,
David Kampf,TOR,C/RW,27.0,5.7,13.5,19.2,-2.6,0.0,0.8,89.0,26.8,57.2,,,,
Isac Lundestrom,ANA,C/LW,22.0,9.6,12.2,21.8,-9.7,0.0,0.5,88.5,32.8,31.6,,,,
Jansen Harkins,WPG,LW,24.0,7.5,12.7,20.2,-4.3,0.0,0.5,80.7,23.1,45.8,,,,
Johan Larsson,ARI,C/LW,29.0,8.4,11.5,19.9,-9.0,0.0,0.8,83.9,45.0,110.1,,,,
,,,,,,,,,,,,,,,,
,,,,20.0,27.1,47.1,0.7,10.9,3.1,162.2,34.7,78.7,,,,
,,,,7.7,12.0,18.3,7.5,8.4,1.5,48.4,12.5,47.8,,,,
Dougie Hamilton,NJD,D,28.0,18.1,36.8,54.8,6.0,18.0,3.2,274.8,91.4,106.4,,,,
Roman Josi,NSH,D,31.0,15.0,43.7,58.7,3.4,19.4,2.6,258.3,128.6,59.9,,,,
Shea Theodore,VGK,D,26.0,13.3,38.2,51.4,12.4,17.7,2.0,238.3,81.5,36.1,,,,
Brent Burns,SJS,D,36.0,12.2,38.4,50.6,-8.7,16.0,1.7,233.1,129.0,66.0,,,,
Jakob Chychrun,ARI,D,23.0,17.3,27.2,44.5,-3.2,14.9,2.8,228.2,126.7,93.7,,,,
Alex Pietrangelo,VGK,D,32.0,14.2,32.8,47.0,10.0,14.6,2.7,213.6,127.6,56.6,,,,
Darnell Nurse,EDM,D,26.0,13.1,31.0,44.1,6.3,8.0,1.8,210.5,151.4,174.5,,,,
Seth Jones,CHI,D,27.0,9.8,38.9,48.7,-0.6,17.3,2.3,206.4,144.2,115.7,,,,
Kris Letang,PIT,D,34.0,13.7,43.0,56.7,5.1,19.9,2.2,202.9,101.4,116.9,,,,
Tyson Barrie,EDM,D,30.0,10.2,46.0,56.2,0.6,24.3,1.3,202.6,88.2,46.8,,,,
Aaron Ekblad,FLA,D,25.0,14.5,33.8,48.3,5.8,17.5,2.6,202.3,88.6,76.6,,,,
Victor Hedman,TBL,D,31.0,13.8,50.6,64.4,16.6,30.0,2.5,201.9,110.9,88.6,,,,
John Carlson,WSH,D,32.0,14.7,51.9,66.6,5.1,26.6,2.7,201.0,132.4,56.5,,,,
Thomas Chabot,OTT,D,25.0,10.3,41.0,51.2,-11.6,13.9,1.1,201.0,111.3,95.5,,,,
Ryan Pulock,NYI,D,27.0,8.9,28.1,37.0,10.2,8.1,1.6,197.0,154.1,142.6,,,,
Mark Giordano,SEA,D,38.0,10.1,30.7,40.8,4.0,13.3,1.7,196.9,169.9,61.2,,,,
Miro Heiskanen,DAL,D,22.0,11.2,30.9,42.0,2.7,13.3,1.3,191.7,87.8,56.2,,,,
Zach Werenski,CBJ,D,24.0,16.2,28.5,44.7,-4.4,12.7,2.8,186.7,84.7,56.8,,,,
Jeff Petry,MTL,D,34.0,14.3,36.3,50.6,-1.3,17.1,2.6,185.4,113.1,178.4,,,,
Cale Makar,COL,D,23.0,15.5,54.5,70.0,17.1,32.0,3.8,184.5,74.0,82.4,,,,
Evan Bouchard,EDM,D,22.0,7.8,17.5,25.2,-3.9,5.0,0.5,182.5,84.7,75.7,,,,
Morgan Rielly,TOR,D,27.0,10.2,44.2,54.4,9.7,18.6,2.2,179.1,97.3,73.1,,,,
Ivan Provorov,PHI,D,25.0,11.8,24.7,36.5,1.8,9.8,1.7,176.4,149.7,106.9,,,,
Colton Parayko,STL,D,28.0,7.8,21.1,28.9,3.0,4.3,1.1,172.7,138.8,104.0,,,,
Justin Faulk,STL,D,29.0,7.9,19.3,27.1,3.3,5.0,1.5,170.7,108.0,137.7,,,,
Torey Krug,STL,D,30.0,7.9,45.3,53.2,1.1,24.9,1.9,170.5,75.1,66.9,,,,
Neal Pionk,WPG,D,26.0,6.3,40.8,47.1,5.0,22.6,0.8,170.1,98.8,180.4,,,,
Rasmus Dahlin,BUF,D,21.0,7.7,37.6,45.3,-15.3,20.2,1.5,169.3,77.5,114.2,,,,
Mathew Dumba,MIN,D,27.0,11.5,24.9,36.4,1.7,12.6,2.2,169.0,107.8,124.7,,,,
Adam Fox,NYR,D,23.0,9.4,54.2,63.5,9.8,28.9,2.4,168.9,144.2,43.1,,,,
Erik Karlsson,SJS,D,31.0,7.7,36.6,44.3,-7.0,16.7,1.0,168.5,92.4,39.2,,,,
Devon Toews,COL,D,27.0,10.4,29.3,39.7,15.7,7.8,1.9,167.9,103.0,66.0,,,,
Vince Dunn,SEA,D,25.0,12.4,24.5,36.9,3.2,12.4,2.1,165.5,83.9,68.5,,,,
Jacob Trouba,NYR,D,27.0,6.3,23.4,29.6,-1.3,6.8,1.2,161.1,147.2,186.7,,,,
Mattias Ekholm,NSH,D,31.0,9.0,28.9,37.9,11.0,6.8,1.7,160.9,97.7,57.8,,,,
Mikhail Sergachev,TBL,D,23.0,8.8,34.3,43.1,10.2,12.7,1.5,160.8,111.7,114.2,,,,
Jaccob Slavin,CAR,D,27.0,6.9,25.8,32.6,12.8,3.7,1.3,158.0,129.2,61.6,,,,
Shayne Gostisbehere,ARI,D,28.0,11.1,21.7,32.7,-8.7,12.0,1.8,157.9,90.6,43.4,,,,
Tony DeAngelo,CAR,D,26.0,10.5,33.4,43.9,3.9,16.2,1.9,157.9,84.2,64.6,,,,
Drew Doughty,LAK,D,32.0,9.6,36.2,45.8,0.2,23.0,1.1,157.2,116.0,146.0,,,,
John Klingberg,DAL,D,29.0,9.7,37.2,46.9,-3.6,21.9,2.2,156.2,82.7,56.8,,,,
PK Subban,NJD,D,32.0,7.5,16.3,23.7,-7.9,6.1,1.5,155.7,83.5,81.7,,,,
Quinn Hughes,VAN,D,22.0,7.1,54.3,61.4,-9.1,27.7,1.2,155.4,68.8,29.1,,,,
Noah Hanifin,CGY,D,25.0,6.8,27.0,33.8,1.3,10.6,1.1,152.6,87.6,77.7,,,,
Tyler Myers,VAN,D,31.0,7.9,18.7,26.6,-7.3,5.3,1.8,151.5,110.3,96.7,,,,
Filip Hronek,DET,D,24.0,7.4,29.7,37.1,-16.4,11.4,0.5,151.3,77.2,110.2,,,,
Ryan Ellis,PHI,D,31.0,9.4,32.4,41.8,5.7,8.0,1.7,149.8,134.2,56.5,,,,
Ryan Graves,NJD,D,26.0,7.5,18.7,26.2,6.7,0.0,0.5,148.5,152.9,119.5,,,,
Rasmus Andersson,CGY,D,25.0,6.3,22.9,29.2,-6.5,6.8,0.5,148.2,99.8,66.1,,,,
Oilver Ekman-Larsson,VAN,D,30.0,9.1,24.8,33.9,-8.5,11.5,1.3,148.1,62.4,130.8,,,,
Matt Grzelcyk,BOS,D,28.0,7.0,25.9,32.9,13.4,12.6,1.3,147.7,78.5,64.0,,,,
Brady Skjei,CAR,D,27.0,7.2,15.8,23.0,4.9,0.0,1.1,147.4,105.4,122.6,,,,
Josh Morrissey,WPG,D,26.0,6.8,28.8,35.5,1.4,13.8,1.0,147.3,108.2,80.3,,,,
Jared Spurgeon,MIN,D,32.0,12.5,28.5,40.9,0.6,14.5,1.6,144.2,134.6,75.8,,,,
Keith Yandle,PHI,D,35.0,5.4,33.5,38.9,-2.7,21.1,1.0,144.0,56.9,34.1,,,,
Sean Walker,LAK,D,27.0,6.7,20.8,27.5,-1.6,4.5,0.5,142.9,101.7,83.9,,,,
Jake Muzzin,TOR,D,32.0,7.6,27.3,34.8,14.6,1.9,1.1,141.4,132.6,146.1,,,,
Gustav Forsling,FLA,D,25.0,6.3,16.4,22.7,3.8,3.3,0.8,140.2,80.2,59.6,,,,
Erik Cernak,TBL,D,24.0,6.7,15.1,21.8,11.5,0.7,1.0,139.7,94.4,182.4,,,,
Mackenzie Weegar,FLA,D,28.0,9.0,30.2,39.2,10.1,4.1,1.6,139.2,126.7,157.5,,,,
Kevin Shattenkirk,ANA,D,33.0,3.2,22.4,25.6,-10.0,6.2,0.5,137.7,89.2,81.0,,,,
Brandon Montour,FLA,D,27.0,7.9,18.4,26.3,4.6,2.3,0.9,135.7,89.9,81.9,,,,
Charlie McAvoy,BOS,D,24.0,8.1,35.5,43.6,17.3,6.6,1.4,134.8,135.8,127.2,,,,
Noah Dobson,NYI,D,22.0,6.2,22.2,28.4,0.9,9.1,0.5,134.3,96.7,69.9,,,,
Travis Sanheim,PHI,D,25.0,7.5,20.9,28.4,-3.3,2.8,1.1,132.7,114.8,54.0,,,,
Ben Chiarot,MTL,D,30.0,5.9,12.1,17.9,-4.2,0.9,1.5,132.3,114.6,137.3,,,,
Mike Reilly,BOS,D,28.0,2.0,24.1,26.1,1.7,6.3,0.5,132.3,67.4,82.9,,,,
Damon Severson,NJD,D,27.0,7.9,25.2,33.0,-6.6,7.2,0.9,131.5,92.7,87.5,,,,
Michael Matheson,PIT,D,27.0,8.0,16.6,24.6,-1.8,4.2,1.3,131.2,84.7,63.9,,,,
Alexandre Carrier,NSH,D,25.0,4.5,20.0,24.5,12.1,2.9,0.5,130.5,117.2,91.6,,,,
Samuel Girard,COL,D,23.0,6.3,35.2,41.5,10.5,12.8,0.7,130.1,101.8,64.1,,,,
Esa Lindell,DAL,D,27.0,6.6,19.0,25.6,8.9,4.9,0.9,128.4,145.2,123.5,,,,
Alex Edler,LAK,D,35.0,4.3,19.4,23.7,-1.0,4.7,0.6,127.2,153.6,108.8,,,,
Brett Pesce,CAR,D,27.0,6.6,25.1,31.6,14.1,4.0,0.9,126.5,121.6,40.7,,,,
Philippe Myers,NSH,D,25.0,4.2,17.4,21.6,2.0,0.0,0.5,126.3,71.9,117.2,,,,
Travis Hamonic,VAN,D,31.0,5.3,12.1,17.4,2.2,0.0,0.7,125.5,141.7,63.7,,,,
Connor Murphy,CHI,D,28.0,5.5,16.3,21.8,2.5,0.8,1.0,124.9,157.1,147.4,,,,
Joel Edmundson,MTL,D,28.0,5.7,15.1,20.7,7.3,0.0,0.7,122.9,117.0,145.4,,,,
Alex Romanov,MTL,D,22.0,3.5,12.2,15.7,1.3,3.8,0.5,121.0,97.5,198.6,,,,
Ty Smith,NJD,D,21.0,5.5,31.2,36.7,-7.8,10.4,0.5,120.1,64.9,58.6,,,,
Duncan Keith,EDM,D,38.0,4.2,19.7,23.9,0.8,3.9,0.9,119.9,115.2,39.6,,,,
Rasmus Ristolainen,PHI,D,27.0,4.5,22.7,27.2,-7.1,6.9,0.9,119.5,91.8,213.5,,,,
Alec Martinez,VGK,D,34.0,8.6,27.2,35.8,12.6,9.2,1.4,118.2,214.2,67.9,,,,
Radko Gudas,FLA,D,31.0,3.0,14.1,17.1,6.5,0.0,0.4,118.1,101.0,253.2,,,,
Hampus Lindholm,ANA,D,28.0,4.4,19.4,23.7,-5.8,4.9,0.8,117.5,96.6,57.2,,,,
Cam Fowler,ANA,D,30.0,8.1,23.5,31.5,-6.3,6.9,1.6,117.3,79.0,35.9,,,,
Adam Pelech,NYI,D,27.0,4.7,16.9,21.5,10.5,0.4,0.7,117.3,128.5,122.5,,,,
Brandon Carlo,BOS,D,25.0,4.6,10.9,15.5,10.9,0.0,0.8,117.0,88.5,121.3,,,,
Nate Schmidt,WPG,D,30.0,7.7,21.3,29.0,3.4,5.7,1.0,116.5,105.3,35.9,,,,
K'Andre Miller,NYR,D,22.0,7.2,16.1,23.2,7.4,3.1,1.3,116.5,115.4,134.1,,,,
Jonas Brodin,MIN,D,28.0,7.1,21.5,28.5,4.9,2.5,1.2,115.5,138.1,55.2,,,,
Erik Johnson,COL,D,33.0,4.8,14.2,19.0,6.4,1.0,0.9,115.2,113.1,100.5,,,,
Jamie Oleksiak,SEA,D,29.0,7.0,12.6,19.6,0.0,0.0,1.3,115.1,109.7,208.8,,,,
Scott Mayfield,NYI,D,22.0,4.2,15.2,19.4,5.2,0.0,0.7,114.1,146.4,113.7,,,,
Juuso Valimaki,CGY,D,23.0,3.5,13.8,17.3,-1.8,0.5,1.0,113.5,104.5,56.6,,,,
Nick Leddy,DET,D,30.0,3.8,30.7,34.5,-9.3,11.5,0.7,113.3,85.0,77.9,,,,
Chris Wideman,MTL,D,32.0,8.3,22.8,31.1,0.0,7.7,1.7,113.0,66.9,77.9,,,,
Nicolas Hague,VGK,D,23.0,5.9,17.8,23.7,8.9,2.4,0.5,112.8,85.5,135.9,,,,
David Savard,MTL,D,31.0,3.4,11.7,15.1,-0.6,0.8,0.3,112.8,145.8,146.3,,,,
Dmitri Orlov,WSH,D,30.0,6.7,21.7,28.3,6.3,2.5,1.3,112.5,88.5,119.1,,,,
Matt Roy,LAK,D,26.0,4.7,14.6,19.2,2.5,1.0,0.8,111.6,114.1,119.7,,,,
Justin Schultz,WSH,D,31.0,4.7,24.6,29.3,4.2,9.7,0.9,111.5,81.6,54.9,,,,
Moritz Seider,DET,D,21.0,5.5,20.6,26.1,-5.5,5.0,0.5,110.0,91.5,126.6,,,,
Jamie Drysdale,ANA,D,19.0,7.9,22.9,30.7,-14.0,6.1,0.5,109.6,86.5,43.7,,,,
Dante Fabbro,NSH,D,23.0,5.0,12.7,17.7,-3.7,1.6,0.9,108.7,101.0,64.1,,,,
Ryan McDonagh,TBL,D,32.0,5.8,20.5,26.3,13.8,1.1,0.7,108.6,137.7,83.8,,,,
Alex Goligoski,MIN,D,36.0,4.0,27.6,31.6,2.2,10.0,0.5,108.5,143.9,95.2,,,,
Haydn Fleury,SEA,D,25.0,5.5,9.1,14.6,-5.8,0.0,0.5,107.6,86.3,99.4,,,,
Colin Miller,BUF,D,29.0,3.8,14.5,18.3,-12.9,6.0,0.4,106.3,71.2,126.4,,,,
Jake Bean,CBJ,D,23.0,4.5,20.8,25.3,-5.3,10.8,0.0,105.5,50.2,47.9,,,,
Ryan Suter,DAL,D,37.0,5.1,25.9,31.0,2.0,7.8,1.1,104.9,85.7,52.6,,,,
Victor Soderstrom,ARI,D,20.0,5.5,15.1,20.6,-7.0,2.5,0.5,103.5,40.2,73.0,,,,
Erik Brannstrom,OTT,D,22.0,3.9,19.2,23.1,-5.4,6.2,0.0,102.8,70.5,62.4,,,,
Justin Holl,TOR,D,30.0,2.8,23.5,26.2,13.0,0.0,0.7,100.7,115.2,118.0,,,,
Adam Boqvist,CBJ,D,21.0,6.1,24.4,30.5,-6.6,7.7,1.0,100.3,84.6,75.4,,,,
Will Butcher,BUF,D,27.0,4.2,24.2,28.3,-9.7,7.1,1.0,100.0,85.8,46.7,,,,
Michael Del Zotto,OTT,D,29.0,4.4,16.4,20.8,-6.0,0.8,0.5,99.3,83.7,169.7,,,,
Conor Timmins,ARI,D,23.0,2.4,21.1,23.6,8.8,1.7,0.0,96.7,68.2,66.1,,,,
Calvin de Haan,CHI,D,30.0,2.0,13.2,15.2,-4.0,1.0,0.5,95.5,135.4,167.2,,,,
Henri Jokiharju,BUF,D,22.0,4.8,12.7,17.4,-8.5,1.1,0.5,95.4,86.5,86.6,,,,
Troy Stecher,DET,D,27.0,3.9,15.4,19.3,-10.3,0.9,0.5,95.3,83.8,75.1,,,,
Ryan Lindgren,NYR,D,23.0,2.3,21.9,24.2,9.2,0.0,0.0,94.0,93.1,144.0,,,,
Brian Dumoulin,PIT,D,30.0,4.5,18.4,22.9,10.1,0.3,0.5,92.6,104.0,115.3,,,,
Mario Ferraro,SJS,D,23.0,2.8,19.9,22.6,-8.0,3.8,0.5,92.6,115.2,189.8,,,,
Adam Larsson,SEA,D,29.0,3.8,11.1,14.9,-2.5,0.0,0.7,91.8,144.1,209.3,,,,
Bowen Byram,COL,D,20.0,5.6,17.2,22.8,4.7,3.1,0.0,90.8,62.6,128.8,,,,
Nikita Zaitsev,OTT,D,30.0,3.6,15.8,19.4,-10.5,0.5,0.8,88.8,144.1,139.2,,,,
Vladislav Gavrikov,CBJ,D,26.0,4.8,16.0,20.8,-6.9,0.0,1.2,88.2,113.8,100.4,,,,
Cody Ceci,EDM,D,28.0,4.6,14.8,19.4,2.0,0.2,1.2,87.1,103.9,104.5,,,,
Mikey Anderson,LAK,D,22.0,3.7,16.6,20.3,0.8,0.0,0.5,86.9,113.4,102.0,,,,
T.J. Brodie,TOR,D,31.0,5.0,20.8,25.8,11.0,3.7,0.8,86.8,104.5,38.3,,,,
Ethan Bear,CAR,D,24.0,4.0,12.3,16.3,1.8,1.6,1.1,86.7,90.8,55.6,,,,
Marcus Pettersson,PIT,D,25.0,2.8,18.5,21.3,7.1,2.0,0.0,86.3,86.2,101.5,,,,
Nikita Zadorov,CGY,D,26.0,4.4,10.0,14.4,5.1,0.0,0.5,85.1,87.2,226.9,,,,
John Marino,PIT,D,24.0,5.9,20.7,26.6,8.0,5.6,0.8,84.9,86.2,80.9,,,,
Josh Manson,ANA,D,30.0,2.7,13.1,15.8,-8.6,0.0,0.3,81.9,87.6,153.7,,,,
Brayden McNabb,VGK,D,31.0,3.4,10.7,14.1,10.1,0.0,0.8,81.5,141.1,189.1,,,,
Jake McCabe,CHI,D,28.0,4.0,11.9,15.9,-2.9,0.0,0.8,81.0,97.8,102.8,,,,
Derek Forbort,BOS,D,28.0,2.3,12.2,14.5,1.2,0.0,0.2,80.7,133.5,106.8,,,,
Andrew Peeke,CBJ,D,23.0,3.7,14.9,18.6,-6.0,0.0,0.5,78.5,95.0,155.5,,,,
Brenden Dillon,WPG,D,31.0,2.3,19.2,21.5,5.2,0.1,0.0,75.7,89.1,194.2,,,,
Rasmus Sandin,TOR,D,21.0,3.8,23.4,27.2,1.5,6.0,2.8,75.2,56.4,85.6,,,,
Chris Tanev,CGY,D,32.0,2.7,16.0,18.7,5.3,0.7,0.7,74.3,151.1,45.0,,,,
Connor Clifton,BOS,D,28.0,2.8,9.6,12.3,2.1,0.0,0.4,70.6,104.9,125.4,,,,
Artem Zub,OTT,D,26.0,4.0,15.7,19.6,-4.7,0.0,1.3,69.1,109.7,132.3,,,,
Caleb Jones,CHI,D,24.0,3.6,10.4,14.0,-4.6,0.8,0.9,66.0,80.7,69.8,,,,
Robert Hagg,BUF,D,26.0,4.2,11.5,15.6,-5.8,0.2,0.2,65.1,100.0,191.1,,,,
Dmitry Kulikov,MIN,D,31.0,0.9,7.1,8.0,0.4,0.0,0.2,60.3,74.1,110.6,,,,
Ryan Murray,COL,D,28.0,1.7,20.8,22.5,6.4,0.5,0.0,59.6,101.1,46.6,,,,
,,,,,,,,,,,,,,,,
,,,,6.9,23.7,30.6,1.5,7.3,1.1,133.3,104.6,99.9,,,,
,,,,3.5,10.3,12.9,7.5,7.6,0.7,42.4,27.4,47.0,,,,
Connor Hellebuyck,WPG,G,28.0,,,,,,,,,,33.3,5.1,0.917,1750.2
Andrei Vasilevksiy,TBL,G,27.0,,,,,,,,,,38.3,5.4,0.92,1569.0
Jacob Markstrom,CGY,G,32.0,,,,,,,,,,30.1,3.2,0.911,1593.0
Robin Lehner,VGK,G,30.0,,,,,,,,,,33.2,4.9,0.918,1441.2
John Gibson,ANA,G,28.0,,,,,,,,,,20.8,3.0,0.91,1545.4
Jordan Binnington,STL,G,28.0,,,,,,,,,,28.6,4.0,0.913,1502.2
Juuse Saros,NSH,G,26.0,,,,,,,,,,25.8,5.5,0.919,1558.1
Matt Murray,OTT,G,27.0,,,,,,,,,,20.6,2.3,0.905,1478.6
Marc-Andre Fleury,CHI,G,37.0,,,,,,,,,,26.1,4.8,0.917,1522.9
Igor Shesterkin,NYR,G,26.0,,,,,,,,,,27.5,3.2,0.917,1402.2
Thatcher Demko,VAN,G,26.0,,,,,,,,,,24.6,2.7,0.913,1525.2
Carter Hart,PHI,G,23.0,,,,,,,,,,26.9,2.1,0.905,1346.4
Darcy Kuemper,COL,G,31.0,,,,,,,,,,31.5,4.3,0.919,1325.1
Linus Ullmark,BOS,G,28.0,,,,,,,,,,27.8,3.5,0.914,1299.8
Mike Smith,EDM,G,39.0,,,,,,,,,,27.0,3.3,0.912,1367.8
Tristan Jarry,PIT,G,26.0,,,,,,,,,,25.8,3.3,0.913,1316.2
Cam Talbot,MIN,G,34.0,,,,,,,,,,26.6,3.8,0.915,1320.7
Carey Price,MTL,G,34.0,,,,,,,,,,23.0,3.3,0.909,1225.6
Philipp Grubauer,SEA,G,30.0,,,,,,,,,,24.5,4.2,0.918,1297.6
Frederik Andersen,CAR,G,32.0,,,,,,,,,,24.8,2.6,0.91,1199.2
Carter Hutton,ARI,G,36.0,,,,,,,,,,16.1,2.0,0.903,1261.6
Cal Petersen,LAK,G,27.0,,,,,,,,,,20.3,2.0,0.913,1256.0
Alex Nedeljkovic,DET,G,26.0,,,,,,,,,,19.0,4.1,0.917,1291.2
Semyon Varlamov,NYI,G,33.0,,,,,,,,,,23.6,3.6,0.918,1154.0
Craig Anderson,BUF,G,40.0,,,,,,,,,,16.5,1.7,0.904,1284.4
Elvis Merzlikins,CBJ,G,27.0,,,,,,,,,,18.6,4.4,0.917,1231.3
Ilya Samsonov,WSH,G,24.0,,,,,,,,,,22.0,3.1,0.908,1116.0
Adin Hill,SJS,G,25.0,,,,,,,,,,19.1,3.0,0.91,1207.3
Mackenzie Blackwood,NJD,G,25.0,,,,,,,,,,20.5,2.4,0.91,1182.3
Sergei Bobrovsky,FLA,G,33.0,,,,,,,,,,23.0,1.8,0.907,1156.9
Jack Campbell,TOR,G,30.0,,,,,,,,,,25.3,3.3,0.915,1083.6
Petr Mrazek,TOR,G,29.0,,,,,,,,,,24.6,3.7,0.912,1029.4
Spencer Knight,FLA,G,20.0,,,,,,,,,,22.4,2.9,0.913,1103.7
Vitek Vanecek,WSH,G,26.0,,,,,,,,,,20.4,2.6,0.908,1037.3
Jonathan Bernier,NJD,G,33.0,,,,,,,,,,19.5,2.1,0.91,1098.5
James Reimer,SJS,G,33.0,,,,,,,,,,17.8,2.3,0.908,1124.1
Joonas Korpisalo,CBJ,G,27.0,,,,,,,,,,15.8,1.4,0.903,1069.7
Aaron Dell,BUF,G,32.0,,,,,,,,,,13.7,1.6,0.9,1071.1
Ilya Sorokin,NYI,G,26.0,,,,,,,,,,20.1,3.3,0.914,992.2
Thomas Greiss,DET,G,36.0,,,,,,,,,,15.6,2.1,0.912,1087.3
Jonathan Quick,LAK,G,36.0,,,,,,,,,,16.1,2.1,0.906,1021.6
Josef Korenar,ARI,G,24.0,,,,,,,,,,13.7,1.0,0.901,1012.0
Anton Khudobin,DAL,G,35.0,,,,,,,,,,19.1,2.7,0.915,953.9
Antti Raanta,CAR,G,32.0,,,,,,,,,,19.4,2.1,0.912,910.1
Chris Driedger,SEA,G,27.0,,,,,,,,,,18.2,3.5,0.918,971.4
Jake Allen,MTL,G,31.0,,,,,,,,,,17.2,1.8,0.91,897.0
Kaapo Kahkonen,MIN,G,25.0,,,,,,,,,,18.1,2.2,0.905,918.0
Casey DeSmith,PIT,G,30.0,,,,,,,,,,18.1,2.7,0.913,916.0
Mikko Koskinen,EDM,G,33.0,,,,,,,,,,17.6,1.8,0.909,930.8
Jeremy Swayman,BOS,G,23.0,,,,,,,,,,18.9,3.8,0.916,850.9
Braden Holtby,DAL,G,32.0,,,,,,,,,,15.3,1.8,0.907,843.7
Pavel Francouz,COL,G,30.0,,,,,,,,,,19.9,1.9,0.915,835.3
Martin Jones,PHI,G,32.0,,,,,,,,,,14.5,1.7,0.9,814.1
Alexandar Georgiev,NYR,G,25.0,,,,,,,,,,15.6,2.2,0.909,817.9
Jaroslav Halak,VAN,G,36.0,,,,,,,,,,14.3,1.8,0.91,895.2
Kevin Lankinen,CHI,G,26.0,,,,,,,,,,14.6,1.8,0.91,875.1
Anton Forsberg,OTT,G,29.0,,,,,,,,,,11.9,0.5,0.907,853.2
David Rittich,NSH,G,29.0,,,,,,,,,,12.1,1.0,0.907,750.4
Ville Husso,STL,G,26.0,,,,,,,,,,13.0,1.7,0.903,707.8
Anthony Stolarz,ANA,G,28.0,,,,,,,,,,10.2,2.3,0.912,713.9
Laurent Brossoit,VGK,G,28.0,,,,,,,,,,14.8,1.5,0.911,646.7
Daniel Vladar,CGY,G,24.0,,,,,,,,,,11.3,1.4,0.904,597.4
Brian Elliott,TBL,G,36.0,,,,,,,,,,11.8,1.1,0.903,582.7
Eric Comrie,WPG,G,26.0,,,,,,,,,,9.1,0.5,0.888,511.4
Jake Oettinger,DAL,G,23.0,,,,,,,,,,7.0,0.5,0.911,384.5
,,,,,,,,,,,,,,,,
,,,,,,,,,,,,,20.2,2.7,0.91,1102.1
,,,,,,,,,,,,,6.3,1.2,0.006,292.7
