Goals,TRUE,,,,,,,,,,,,,2021-22 Fantasy Hockey Customizable Rankings,,,,,,,,,,,,,,,,,,,,,
Assists,TRUE,,,,,,,,,,,,,,,,,,,,,,,,,,,,,,,,,,
Points,FALSE,,,,,,,,,,,,,Starting Goalies,,,https://www.dailyfaceoff.com/starting-goalies/,,,,,,,,,,,,,,,,,,
Plus/Minus,TRUE,,,,,,,,,,,,,Projected Lines,,,https://www.dailyfaceoff.com/teams/,,,,,,,,,,,,,,,,,,
PIM,FALSE,,,,,,,,,,,,,Player News,,,https://www.dailyfaceoff.com/hockey-player-news/,,,,,,,,,,,,,,,,,,
PPG,FALSE,,,,,,,,,,,,,DFO Podcast,,,https://soundcloud.com/dailyfaceoff-podcast,,,,,,,,,,,,,,,,,,
PPA,FALSE,,,,,,,,,,,,,Twitter,,,https://twitter.com/DailyFaceoff,,,,,,,,,,,,,,,,,,
PPP,TRUE,,,,,,,,,,,,,,Instagram,,https://www.instagram.com/dailyfaceoff/,,,,,,,,,,,,,,,,,,
GWG,TRUE,,,,,,,,,,,,,,,,,,,,,,,,,,,,,,,,,,
SOG,TRUE,,,,,Pos. Eligibility,,,Step 1:,File > Make a Copy,,,,,,,,,,,,,,,,,,,,,,,,,
ATOI,FALSE,,,,,FanTrax,FALSE,,Step 2:,Check off all scoring categories for your league,,,,,,,,,,,,,,,,,,,,,,,,,
BLK,TRUE,,,,,Yahoo,TRUE,,Step 3:,Check off which site you use for correct Position Eligibility,,,,,,,,,,,,,,,,,,,,,,,,,
HIT,TRUE,,,,,ESPN,FALSE,,Step 4:,"Sort by ""SCORE"" for rankings customized to your league settings",,,,,,,,,,,,,,,,,,,,,,,,,
,,,,,,,,,,,,,,,,,,,,,,,,,,,,,,,,,,,
Players,TEAM,Pos,FanTrax,Yahoo,ESPN,Age,GP,G,A,PTS,(+/-),PIM,EV,PPG,PPA,PPP,GWG,SOG,ATOI,BLK,HIT,G,A,PTS,(+/-),PIM,PPG,PPA,PPP,GWG,SOG,ATOI,BLK,HIT,SCORE
Connor McDavid,EDM,C,C,C,C,25,79.8,42.9,82.4,125.3,8.9,27.7,31.7,11.3,32.1,43.3,8.2,266.5,22.1,32.6,59.7,2.969,4.612,,1.097,,,,3.835,3.322,2.154,,-0.165,-0.398,16.876
Nathan MacKinnon,COL,C,C,C,C,26,79.3,36.9,62.5,99.4,16.0,35.4,24.6,12.4,23.6,36.0,5.5,332.7,20.6,28.8,56.0,2.192,2.951,,2.045,,,,2.971,1.568,3.520,,-0.469,-0.475,13.279
Leon Draisaitl,EDM,C/LW,C/LW,C/LW,LW,26,82.0,44.2,69.4,113.6,7.2,36.6,26.4,17.9,23.5,41.4,7.4,243.1,22.3,21.7,48.8,3.137,3.527,,0.871,,,,3.610,2.802,1.671,,-1.037,-0.626,13.518
Nikita Kucherov,TBL,RW,RW,RW,RW,27,80.2,38.3,66.9,105.2,14.9,48.3,29.1,9.2,27.4,36.6,6.7,245.3,19.5,24.9,44.6,2.373,3.318,,1.898,,,,3.042,2.347,1.716,,-0.781,-0.714,12.250
Auston Matthews,TOR,C,C,C,C,24,77.3,51.7,39.2,90.8,13.5,15.4,38.8,12.9,10.0,22.9,9.1,310.2,20.9,69.6,57.9,4.108,1.007,,1.711,,,,1.420,3.907,3.056,,2.795,-0.436,16.712
David Pastrnak,BOS,RW,RW,RW,RW,25,75.1,41.3,47.2,88.5,11.3,39.4,25.9,15.5,15.5,31.0,6.9,280.9,19.1,24.8,57.8,2.761,1.675,,1.418,,,,2.379,2.477,2.451,,-0.789,-0.438,11.225
Patrick Kane,CHI,RW,RW,RW,RW,33,81.4,33.5,61.1,94.7,-4.8,30.4,26.5,7.0,20.3,27.3,4.5,307.7,21.5,18.6,21.4,1.752,2.834,,-0.731,,,,1.941,0.918,3.004,,-1.285,-1.200,7.599
Artemi Panarin,NYR,LW,LW,LW,LW,30,79.9,31.8,64.7,96.5,25.8,22.3,24.2,7.6,16.6,24.3,5.5,217.9,20.2,18.1,19.9,1.531,3.135,,3.352,,,,1.586,1.568,1.150,,-1.325,-1.231,8.090
Brad Marchand,BOS,LW,LW,LW,LW,33,78.6,35.9,60.2,96.1,17.3,75.0,28.6,7.3,21.1,28.4,6.8,211.4,19.5,20.5,68.3,2.062,2.759,,2.218,,,,2.071,2.412,1.016,,-1.133,-0.218,10.079
Alex Ovechkin,WSH,LW,LW,LW,LW,36,79.8,46.6,30.0,76.6,-0.8,32.7,31.3,15.3,10.0,25.3,6.1,323.2,19.9,33.8,172.6,3.448,0.239,,-0.197,,,,1.704,1.958,3.324,,-0.069,1.966,12.471
Mikko Rantanen,COL,RW,RW,RW,RW,25,76.6,35.4,50.7,86.1,11.9,43.6,21.4,14.0,18.5,32.5,5.0,217.1,19.8,36.2,46.0,1.998,1.967,,1.498,,,,2.557,1.243,1.134,,0.123,-0.685,9.084
Jonathan Huberdeau,FLA,LW,LW,LW,LW,28,81.4,28.8,61.5,90.3,2.6,38.3,20.7,8.1,26.5,34.6,3.8,194.6,18.9,28.1,65.2,1.143,2.868,,0.257,,,,2.805,0.463,0.669,,-0.525,-0.283,7.269
Aleksander Barkov,FLA,C,C,C,C,26,79.1,32.3,52.7,85.0,5.3,17.1,21.8,10.5,17.4,27.9,4.8,236.7,21.3,53.7,37.5,1.596,2.133,,0.617,,,,2.012,1.113,1.538,,1.523,-0.863,9.362
Mitch Marner,TOR,RW,RW,RW,RW,24,78.3,24.8,66.3,91.1,14.8,23.2,20.8,3.6,20.0,23.6,4.8,216.9,21.1,48.3,30.4,0.625,3.268,,1.885,,,,1.503,1.113,1.130,,1.091,-1.011,8.661
Sebastian Aho,CAR,C,C,C,C,24,80.8,35.8,44.0,79.8,12.4,33.7,28.3,7.5,15.4,22.9,6.7,228.4,19.6,31.8,61.5,2.049,1.408,,1.564,,,,1.420,2.347,1.367,,-0.229,-0.360,8.784
Sidney Crosby,PIT,C,C,C,C,34,76.0,30.2,54.3,84.5,5.1,33.5,21.8,8.4,20.6,29.0,5.1,210.3,20.6,35.6,63.4,1.324,2.267,,0.590,,,,2.142,1.308,0.994,,0.075,-0.320,8.084
Patrice Bergeron,BOS,C,C,C,C,36,71.0,33.8,37.8,71.6,17.7,29.1,20.1,10.8,12.8,23.6,4.9,236.9,18.7,53.5,54.1,1.790,0.890,,2.272,,,,1.503,1.178,1.543,,1.507,-0.515,9.032
Steven Stamkos,TBL,C/RW,C/RW,C/RW,C,31,73.8,34.3,44.2,78.5,8.7,37.0,18.6,15.7,13.9,29.6,5.0,199.5,18.5,32.5,71.2,1.855,1.424,,1.071,,,,2.213,1.243,0.771,,-0.173,-0.157,7.711
Brayden Point,TBL,C/RW,C,C/RW,C,25,80.0,35.0,45.1,80.0,15.2,21.8,22.3,12.7,12.2,24.8,6.4,190.4,19.3,34.4,34.3,1.946,1.499,,1.938,,,,1.645,2.152,0.583,,-0.021,-0.930,7.844
Mika Zibanejad,NYR,C,C,C,C,28,78.3,34.7,39.9,74.6,0.3,30.0,21.3,13.5,11.0,24.5,6.0,240.7,20.3,59.7,96.0,1.907,1.065,,-0.050,,,,1.610,1.893,1.621,,2.003,0.362,10.435
Alex DeBrincat,CHI,LW/RW,LW,LW/RW,LW,24,80.5,37.9,36.4,74.2,-1.4,18.8,24.6,13.3,11.3,24.6,6.8,239.2,19.5,29.7,79.5,2.321,0.773,,-0.277,,,,1.622,2.412,1.590,,-0.397,0.017,8.199
Jake Guentzel,PIT,LW/RW,LW,LW/RW,LW,27,79.5,36.3,42.6,78.8,9.2,32.3,27.6,8.7,10.9,19.6,6.0,217.7,20.1,43.2,79.5,2.114,1.291,,1.137,,,,1.030,1.893,1.146,,0.683,0.017,8.741
Nikolaj Ehlers,WPG,LW/RW,LW,LW/RW,LW,25,78.8,33.0,39.3,72.3,7.8,30.1,24.2,8.9,10.1,19.0,6.4,255.8,17.6,26.1,43.1,1.687,1.015,,0.951,,,,0.959,2.152,1.933,,-0.685,-0.745,6.791
John Tavares,TOR,C,C,C,C,31,80.5,32.5,41.1,73.6,8.3,28.4,24.2,8.3,11.3,19.5,5.1,245.1,18.6,41.3,57.8,1.622,1.166,,1.017,,,,1.018,1.308,1.712,,0.531,-0.438,7.427
Kirill Kaprizov,MIN,LW/RW,LW,LW/RW,LW,24,80.3,37.2,35.7,72.9,8.8,25.7,26.3,10.9,8.1,19.0,5.0,232.5,18.8,28.2,46.3,2.231,0.715,,1.084,,,,0.959,1.243,1.452,,-0.517,-0.678,5.945
Mark Scheifele,WPG,C,C,C,C,28,82.0,33.0,51.7,84.7,1.2,32.9,23.3,9.7,13.2,22.9,5.7,189.3,21.3,53.5,46.1,1.687,2.050,,0.070,,,,1.420,1.698,0.560,,1.507,-0.683,8.274
Mark Stone,VGK,RW,RW,RW,RW,29,78.8,27.9,50.0,77.9,17.3,34.6,20.2,7.7,14.8,22.5,5.6,174.4,19.2,54.0,57.7,1.027,1.908,,2.218,,,,1.373,1.633,0.253,,1.547,-0.440,8.409
Kyle Connor,WPG,LW,LW,LW,LW,25,82.0,38.3,35.5,73.8,-0.9,23.5,27.3,11.1,7.5,18.5,6.6,245.8,19.6,24.8,23.9,2.373,0.698,,-0.210,,,,0.900,2.282,1.726,,-0.789,-1.147,5.938
Andrei Svechnikov,CAR,LW/RW,LW/RW,LW/RW,LW,21,80.7,26.4,42.2,68.6,5.8,65.9,20.1,6.3,17.3,23.6,4.0,226.6,18.0,31.4,159.0,0.832,1.257,,0.684,,,,1.503,0.593,1.330,,-0.261,1.681,7.278
Max Pacioretty,VGK,LW,LW,LW,LW,33,72.6,31.1,32.8,63.9,8.1,35.6,23.4,7.8,9.4,17.1,5.9,260.2,17.8,34.7,79.5,1.441,0.473,,0.991,,,,0.734,1.828,2.024,,0.003,0.017,7.014
Matthew Tkachuk,CGY,LW/RW,LW,LW/RW,LW,24,80.4,28.0,42.8,70.8,3.9,70.3,20.2,7.8,15.2,23.0,3.7,218.9,18.4,18.5,151.7,1.039,1.307,,0.430,,,,1.432,0.398,1.171,,-1.293,1.528,5.799
Gabriel Landeskog,COL,C/LW,LW,C/LW,LW,29,75.5,28.6,38.8,67.4,11.4,49.8,18.5,10.2,11.8,22.0,4.6,211.3,20.1,46.1,116.0,1.117,0.974,,1.431,,,,1.314,0.983,1.014,,0.915,0.781,7.813
Elias Lindholm,CGY,C/RW,C/RW,C/RW,RW,27,82.0,29.3,40.1,69.4,6.8,26.7,20.3,9.0,14.9,23.9,5.7,190.8,19.9,45.6,87.7,1.208,1.082,,0.817,,,,1.539,1.698,0.591,,0.875,0.188,7.589
Ryan O'Reilly,STL,C,C,C,C,30,82.0,25.6,48.6,74.2,13.1,17.9,20.7,4.9,14.5,19.3,4.4,185.4,20.7,39.9,30.5,0.729,1.791,,1.658,,,,0.994,0.853,0.480,,0.419,-1.009,5.085
Jonathan Marchessault,VGK,C/LW,LW,C/LW,LW,31,80.0,25.5,35.8,61.2,11.9,43.9,19.7,5.8,8.1,13.9,4.7,264.4,17.6,20.5,86.9,0.716,0.723,,1.498,,,,0.355,1.048,2.110,,-1.133,0.172,4.740
Johnny Gaudreau,CGY,LW/RW,LW,LW/RW,LW,28,82.0,25.5,46.3,71.8,-1.6,15.4,16.8,8.7,16.3,25.0,4.3,201.8,18.7,14.0,10.5,0.716,1.599,,-0.304,,,,1.669,0.788,0.818,,-1.653,-1.428,2.357
Ryan Nugent-Hopkins,EDM,C/LW,C/LW,C/LW,C,28,79.1,26.0,38.9,64.9,-1.2,32.4,15.8,10.2,18.6,28.8,3.8,204.1,20.5,44.2,47.1,0.781,0.982,,-0.250,,,,2.119,0.463,0.866,,0.763,-0.662,5.186
Kevin Fiala,MIN,LW/RW,LW/RW,LW/RW,C,25,79.1,28.3,35.0,63.2,-0.1,52.1,18.6,9.7,12.3,22.0,5.6,234.5,16.7,22.6,41.3,1.078,0.657,,-0.103,,,,1.314,1.633,1.493,,-0.965,-0.783,4.374
Sean Couturier,PHI,C,C,C,C,29,79.8,29.2,41.1,70.3,7.8,27.1,23.0,6.2,9.8,16.0,4.8,210.8,20.2,40.2,59.9,1.195,1.166,,0.951,,,,0.604,1.113,1.004,,0.443,-0.394,5.605
Elias Pettersson,VAN,C,C,C,C,23,75.3,29.7,40.4,70.0,4.8,18.2,20.7,9.0,12.5,21.5,5.0,174.3,18.7,44.1,55.2,1.260,1.107,,0.550,,,,1.255,1.243,0.250,,0.755,-0.492,5.652
J.T. Miller,VAN,C/LW,C/LW,C/LW,C,28,79.9,24.4,45.1,69.4,0.8,53.6,17.9,6.5,19.6,26.1,3.6,167.0,20.1,38.0,130.8,0.573,1.499,,0.017,,,,1.799,0.333,0.100,,0.267,1.091,5.671
Anze Kopitar,LAK,C,C,C,C,34,82.0,23.4,48.0,71.4,-2.0,22.8,18.3,5.1,21.7,26.8,4.1,166.4,21.5,57.6,58.3,0.444,1.741,,-0.357,,,,1.882,0.658,0.087,,1.835,-0.427,6.042
Tyler Seguin,DAL,C/RW,C/RW,C/RW,C,30,74.7,24.5,31.4,56.0,7.2,22.1,17.6,6.9,10.9,17.8,5.3,245.5,17.1,32.7,65.5,0.586,0.356,,0.871,,,,0.817,1.438,1.720,,-0.157,-0.276,4.919
Blake Wheeler,WPG,C/RW,RW,C/RW,RW,35,80.0,21.3,49.3,70.6,-4.1,52.4,17.4,3.9,21.1,25.0,2.9,187.5,18.4,47.0,90.2,0.172,1.850,,-0.637,,,,1.669,-0.121,0.523,,0.987,0.241,5.001
Mathew Barzal,NYI,C,C,C,C,24,82.0,22.8,48.1,71.0,5.3,50.5,19.5,3.4,12.9,16.3,3.4,198.0,19.3,37.9,31.4,0.366,1.750,,0.617,,,,0.639,0.203,0.740,,0.259,-0.990,3.275
William Nylander,TOR,LW/RW,RW,LW/RW,RW,25,79.0,27.1,36.2,63.3,9.1,19.6,20.0,7.1,8.9,16.0,5.9,208.3,17.6,20.9,19.9,0.923,0.757,,1.124,,,,0.604,1.828,0.952,,-1.101,-1.231,3.293
Patrik Laine,CBJ,LW/RW,LW/RW,LW/RW,RW,23,81.0,33.1,27.0,60.0,-10.4,32.8,19.5,13.6,8.7,22.3,3.8,230.3,17.5,39.7,80.3,1.700,-0.011,,-1.478,,,,1.349,0.463,1.406,,0.403,0.033,4.605
David Perron,STL,LW/RW,LW/RW,LW/RW,RW,33,76.1,24.3,40.6,64.8,2.2,48.6,16.2,8.1,15.9,23.9,4.0,179.7,18.3,25.7,64.2,0.560,1.124,,0.203,,,,1.539,0.593,0.362,,-0.717,-0.304,3.259
Taylor Hall,BOS,LW,LW,LW,LW,30,75.5,20.5,41.0,61.5,0.1,33.4,15.4,5.2,15.2,20.4,3.4,227.4,18.3,32.0,53.2,0.068,1.157,,-0.077,,,,1.124,0.203,1.346,,-0.213,-0.534,3.114
Bryan Rust,PIT,LW/RW,RW,LW/RW,RW,29,75.9,30.5,30.2,60.7,10.4,34.8,23.0,7.5,8.1,15.6,5.5,200.6,19.8,48.7,98.8,1.363,0.256,,1.298,,,,0.556,1.568,0.793,,1.123,0.421,6.729
Brock Boeser,VAN,RW,RW,RW,RW,24,75.2,28.1,35.1,63.2,-1.4,22.7,19.7,8.4,10.0,18.4,3.7,208.8,19.1,26.0,38.4,1.052,0.665,,-0.277,,,,0.888,0.398,0.963,,-0.693,-0.844,2.290
Jakub Vrana,DET,LW,LW/RW,LW,C,25,79.5,31.8,32.6,64.4,7.2,26.3,30.4,1.5,10.0,11.4,6.0,207.2,17.5,24.1,51.0,1.531,0.456,,0.871,,,,0.059,1.893,0.930,,-0.845,-0.580,3.879
Roope Hintz,DAL,C/LW,C/LW,C/LW,C,25,72.0,24.5,35.7,60.1,6.8,17.9,17.0,7.5,16.2,23.7,4.0,169.4,18.4,34.3,98.9,0.586,0.715,,0.817,,,,1.515,0.593,0.149,,-0.029,0.423,4.361
Joe Pavelski,DAL,C/RW,C/RW,C/RW,RW,37,80.2,26.9,28.8,55.7,11.8,30.0,14.9,12.0,9.0,21.0,4.4,180.6,18.8,57.2,81.7,0.897,0.139,,1.484,,,,1.195,0.853,0.380,,1.803,0.063,6.073
Nicklas Backstrom,WSH,C,C,C,C,34,79.1,19.4,50.7,70.0,1.9,27.2,13.9,5.5,18.7,24.2,2.8,150.5,19.3,42.1,41.1,-0.074,1.967,,0.163,,,,1.574,-0.186,-0.241,,0.595,-0.787,2.929
Brady Tkachuk,OTT,LW,LW,LW,LW,22,79.4,25.9,29.4,55.3,-10.5,93.7,20.7,5.3,8.1,13.3,3.9,297.6,18.7,39.0,316.2,0.768,0.189,,-1.491,,,,0.284,0.528,2.795,,0.347,4.973,9.138
Sam Reinhart,FLA,C/RW,C/RW,C/RW,RW,26,80.9,28.4,32.7,61.1,2.8,18.0,19.6,8.8,10.6,19.4,4.1,182.4,19.7,38.2,33.8,1.091,0.465,,0.283,,,,1.006,0.658,0.418,,0.283,-0.940,3.122
Jack Eichel,BUF,C,C,C,C,25,62.0,22.7,39.5,62.3,-6.4,22.7,16.3,6.5,15.0,21.5,3.3,206.2,20.4,38.7,47.7,0.353,1.032,,-0.944,,,,1.255,0.138,0.909,,0.323,-0.649,2.889
Filip Forsberg,NSH,LW,LW,LW,LW,27,71.4,25.2,31.6,56.7,2.0,29.3,17.8,7.4,9.1,16.5,4.2,221.6,18.0,30.1,90.8,0.677,0.373,,0.177,,,,0.663,0.723,1.227,,-0.365,0.253,3.639
Claude Giroux,PHI,C/LW,C/LW,C/LW,LW,34,80.9,21.5,41.8,63.3,2.1,23.4,17.7,3.8,14.8,18.6,3.6,190.5,18.2,14.3,41.7,0.198,1.224,,0.190,,,,0.911,0.333,0.585,,-1.629,-0.775,0.943
Teuvo Teravainen,CAR,LW/RW,LW/RW,LW/RW,RW,27,77.0,18.3,44.7,62.9,12.1,13.6,14.1,4.2,13.1,17.3,2.6,173.9,17.7,28.5,29.0,-0.216,1.466,,1.524,,,,0.758,-0.316,0.242,,-0.493,-1.041,1.161
Tomas Hertl,SJS,C/LW,C,C/LW,C,28,76.4,30.4,36.7,67.1,-2.7,28.9,23.6,6.8,7.3,14.0,3.8,180.9,19.6,55.6,56.6,1.350,0.798,,-0.450,,,,0.367,0.463,0.387,,1.675,-0.463,4.352
Mike Hoffman,MTL,LW/RW,LW,LW/RW,LW,32,80.7,26.3,28.4,54.7,-7.2,26.2,16.0,10.3,11.8,22.1,4.1,199.6,15.5,23.1,40.7,0.819,0.106,,-1.051,,,,1.326,0.658,0.773,,-0.925,-0.796,1.436
William Karlsson,VGK,C,C,C,C,29,80.4,24.0,35.3,59.3,14.8,13.8,19.5,4.6,8.5,13.1,4.3,166.3,18.8,44.5,46.7,0.522,0.682,,1.885,,,,0.260,0.788,0.085,,0.787,-0.670,3.396
Bo Horvat,VAN,C,C,C,C,26,82.0,26.0,32.9,58.8,-6.5,30.8,16.3,9.7,7.3,16.9,3.1,203.7,19.9,62.6,75.9,0.781,0.481,,-0.957,,,,0.710,0.009,0.857,,2.235,-0.059,4.535
Jason Robertson,DAL,LW,LW,LW,LW,22,76.4,24.6,36.1,60.7,10.7,23.5,22.9,1.7,6.8,8.5,4.2,191.0,17.0,21.0,45.5,0.599,0.748,,1.338,,,,-0.284,0.723,0.595,,-1.093,-0.695,1.262
Brendan Gallagher,MTL,RW,RW,RW,RW,29,73.9,27.6,20.7,48.3,4.8,37.1,23.4,4.3,3.8,8.0,3.6,251.5,16.4,30.9,87.9,0.988,-0.537,,0.550,,,,-0.343,0.333,1.844,,-0.301,0.193,2.452
Vladimir Tarasenko,STL,RW,RW,RW,RW,30,70.0,22.6,29.6,52.2,2.7,13.4,15.9,6.7,7.7,14.4,3.0,216.6,17.5,37.1,81.3,0.340,0.206,,0.270,,,,0.414,-0.056,1.124,,0.195,0.054,2.412
Dominik Kubalik,CHI,LW/RW,LW/RW,LW/RW,LW,26,80.1,29.3,24.5,53.8,-0.4,24.3,24.1,5.2,8.8,14.0,4.4,207.2,15.5,24.5,89.7,1.208,-0.220,,-0.143,,,,0.367,0.853,0.930,,-0.813,0.230,2.483
Vincent Trocheck,CAR,C,C,C,C,28,73.9,20.1,35.3,55.3,-2.7,43.3,13.2,6.9,13.1,20.0,2.9,193.8,18.3,44.0,134.5,0.017,0.682,,-0.450,,,,1.077,-0.121,0.653,,0.747,1.168,3.997
Jonathan Toews,CHI,C,C,C,C,32,73.0,22.8,39.0,61.7,-0.7,41.1,18.7,4.1,9.9,14.0,3.8,189.4,19.7,33.0,46.2,0.366,0.990,,-0.184,,,,0.367,0.463,0.562,,-0.133,-0.681,1.843
Ryan Strome,NYR,C/RW,C,C/RW,C,28,82.0,18.1,40.3,58.5,7.2,55.4,14.4,3.7,13.8,17.5,2.6,164.1,18.3,33.1,48.5,-0.242,1.099,,0.871,,,,0.781,-0.316,0.040,,-0.125,-0.632,1.039
Oliver Bjorkstrand,CBJ,LW/RW,RW,LW/RW,RW,26,79.1,28.9,30.2,59.1,-4.7,22.9,25.0,3.9,5.2,9.1,4.4,222.4,17.8,36.6,63.4,1.156,0.256,,-0.717,,,,-0.213,0.853,1.243,,0.155,-0.320,2.771
Nick Suzuki,MTL,C/RW,C,C/RW,C,22,82.0,21.6,38.7,60.3,-6.3,24.8,14.8,6.8,12.2,19.0,2.6,180.2,18.9,51.7,103.3,0.211,0.965,,-0.931,,,,0.959,-0.316,0.372,,1.363,0.515,3.603
Jesse Puljujarvi,EDM,RW,RW,RW,RW,23,80.0,25.1,23.4,48.5,6.0,32.3,20.1,5.0,4.7,9.7,1.0,233.0,21.0,40.4,203.9,0.664,-0.311,,0.710,,,,-0.142,-1.356,1.462,,0.459,2.621,3.752
Tyler Toffoli,MTL,LW/RW,RW,LW/RW,RW,29,79.3,27.5,22.6,50.1,0.2,28.2,21.0,6.5,5.1,11.6,4.3,226.6,16.9,18.6,81.7,0.975,-0.378,,-0.063,,,,0.083,0.788,1.330,,-1.285,0.063,1.543
Dylan Larkin,DET,C,C,C,C,25,77.5,21.2,35.2,56.4,-9.6,55.5,17.3,4.0,8.1,12.1,2.7,243.4,20.6,38.5,67.2,0.159,0.673,,-1.371,,,,0.142,-0.251,1.677,,0.307,-0.241,1.780
Timo Meier,SJS,LW/RW,RW,LW/RW,RW,25,80.2,23.6,31.1,54.7,-4.9,43.9,19.6,4.0,7.3,11.2,2.3,234.0,16.7,39.5,129.1,0.470,0.331,,-0.744,,,,0.036,-0.511,1.483,,0.387,1.055,2.878
Anders Lee,NYI,LW,LW,LW,LW,31,77.5,27.0,22.8,49.7,5.2,46.4,19.6,7.4,5.1,12.5,4.4,205.0,17.5,43.8,101.1,0.910,-0.361,,0.604,,,,0.189,0.853,0.884,,0.731,0.469,3.977
Andre Burakovsky,COL,LW/RW,LW,LW/RW,LW,26,73.4,23.6,32.8,56.4,9.1,21.8,19.1,4.5,12.8,17.3,3.9,142.9,15.8,31.8,36.0,0.470,0.473,,1.124,,,,0.758,0.528,-0.398,,-0.229,-0.894,1.270
Patric Hornqvist,FLA,RW,RW,RW,RW,35,70.9,22.1,22.7,44.8,2.2,41.1,13.0,9.1,6.9,16.0,2.5,222.5,16.7,43.5,131.8,0.276,-0.370,,0.203,,,,0.604,-0.381,1.245,,0.707,1.112,3.294
Pavel Buchnevich,STL,RW,RW,RW,RW,26,78.9,24.0,34.8,58.8,1.2,33.5,18.8,5.3,9.7,15.0,3.3,170.6,17.6,34.7,76.3,0.522,0.640,,0.070,,,,0.485,0.138,0.174,,0.003,-0.050,1.947
Brock Nelson,NYI,C,C,C,C,30,82.0,27.3,27.7,54.9,5.7,29.3,21.2,6.1,4.3,10.4,4.9,185.5,18.2,45.4,54.1,0.949,0.047,,0.670,,,,-0.059,1.178,0.482,,0.859,-0.515,3.275
Brayden Schenn,STL,C/RW,C/LW,C/RW,C,30,80.1,23.1,34.1,57.2,2.0,46.7,15.2,8.0,8.0,16.0,4.2,163.9,18.4,36.0,137.4,0.405,0.581,,0.177,,,,0.604,0.723,0.036,,0.107,1.229,3.773
Conor Garland,VAN,LW/RW,LW/RW,LW/RW,RW,25,75.8,23.2,30.3,53.5,-0.2,31.7,18.7,4.5,7.7,12.2,3.7,206.2,17.3,29.0,40.2,0.418,0.264,,-0.117,,,,0.154,0.398,0.909,,-0.453,-0.806,0.826
Evgeny Kuznetsov,WSH,C,C,C,C,29,76.6,19.4,40.0,59.4,3.6,42.9,14.2,5.2,10.5,15.6,3.0,158.6,17.5,24.9,44.6,-0.074,1.074,,0.390,,,,0.556,-0.056,-0.074,,-0.781,-0.714,0.126
Reilly Smith,VGK,RW,RW,RW,RW,30,78.9,23.5,28.7,52.2,13.4,22.7,18.9,4.7,5.0,9.6,3.8,180.8,17.7,30.7,56.4,0.457,0.131,,1.698,,,,-0.154,0.463,0.385,,-0.317,-0.467,1.346
Zach Hyman,EDM,LW/RW,LW,LW/RW,LW,29,73.6,26.6,25.2,51.8,22.4,54.1,22.8,2.8,2.3,5.1,4.2,170.2,19.2,38.7,104.0,0.858,-0.161,,2.899,,,,-0.687,0.723,0.166,,0.323,0.530,3.201
Cam Atkinson,PHI,RW,RW,RW,RW,32,74.3,23.7,23.8,47.5,0.0,12.7,19.2,4.5,8.9,13.4,3.8,217.0,17.3,30.2,27.9,0.483,-0.278,,-0.090,,,,0.296,0.463,1.132,,-0.357,-1.064,0.630
Travis Konecny,PHI,RW,C/LW/RW,RW,RW,24,79.3,23.2,33.2,56.4,0.5,40.2,18.3,5.0,9.9,14.9,3.4,171.6,16.2,36.8,83.5,0.418,0.506,,-0.023,,,,0.473,0.203,0.195,,0.171,0.100,2.055
T.J. Oshie,WSH,C/RW,RW,C/RW,RW,35,77.4,26.9,28.9,55.8,2.2,32.2,15.5,11.4,5.8,17.1,3.7,147.3,18.2,49.9,106.8,0.897,0.148,,0.203,,,,0.734,0.398,-0.307,,1.219,0.588,3.779
Cole Caufield,MTL,RW,RW,RW,RW,21,75.7,27.3,25.3,52.5,-5.4,17.6,22.0,5.3,5.2,10.5,5.3,216.5,16.5,10.5,31.4,0.949,-0.153,,-0.811,,,,-0.047,1.438,1.121,,-1.933,-0.990,-0.021
Josh Norris,OTT,C,C,C,C,22,79.3,25.7,30.1,55.8,-11.2,23.4,17.6,8.2,13.3,21.4,3.4,158.8,18.0,51.6,107.1,0.742,0.248,,-1.584,,,,1.243,0.203,-0.069,,1.355,0.595,3.523
Martin Necas,CAR,C/RW,RW,C/RW,C,23,76.3,21.2,34.3,55.5,7.8,22.7,15.5,5.7,8.0,13.7,3.7,151.7,17.3,39.3,77.3,0.159,0.598,,0.951,,,,0.331,0.398,-0.216,,0.371,-0.029,2.088
Alexander Radulov,DAL,LW/RW,RW,LW/RW,RW,35,71.0,20.2,30.4,50.5,8.2,47.6,14.3,5.9,9.7,15.6,3.7,160.4,16.9,49.6,52.8,0.030,0.273,,1.004,,,,0.556,0.398,-0.036,,1.195,-0.542,2.375
Jared McCann,SEA,C/LW,C/LW,C/LW,LW,25,78.0,21.7,27.7,49.4,7.2,27.7,15.3,6.4,5.5,11.9,4.1,186.2,16.3,39.2,88.3,0.224,0.047,,0.871,,,,0.118,0.658,0.496,,0.363,0.201,2.543
Clayton Keller,ARI,LW/RW,LW/RW,LW/RW,C,23,82.0,19.4,33.5,52.9,-10.1,31.1,16.0,3.4,13.3,16.7,3.5,205.2,17.8,21.0,28.6,-0.074,0.531,,-1.438,,,,0.687,0.268,0.888,,-1.093,-1.049,-0.560
Ondrej Palat,TBL,LW,LW,LW,LW,30,76.9,17.8,33.2,51.0,12.5,28.6,11.7,6.1,9.7,15.8,3.2,144.4,16.8,60.2,125.5,-0.281,0.506,,1.578,,,,0.580,0.074,-0.367,,2.043,0.980,4.323
Craig Smith,BOS,RW,RW,RW,RW,32,79.7,21.0,21.7,42.7,14.0,27.7,16.0,5.0,3.0,8.0,2.9,210.3,15.3,23.6,83.5,0.133,-0.453,,1.778,,,,-0.343,-0.121,0.994,,-0.885,0.100,0.313
Jamie Benn,DAL,C/LW,C/LW,C/LW,LW,32,79.6,20.9,27.9,48.8,6.5,54.6,14.3,6.7,6.4,13.0,3.1,181.4,17.1,53.1,135.0,0.120,0.064,,0.777,,,,0.249,0.009,0.397,,1.475,1.179,3.880
Nazem Kadri,COL,C,C,C,C,31,73.3,20.6,26.0,46.6,0.0,89.7,15.8,4.8,8.9,13.7,2.7,207.6,16.9,19.2,66.4,0.081,-0.094,,-0.090,,,,0.331,-0.251,0.938,,-1.237,-0.258,-0.535
Jakub Voracek,CBJ,LW/RW,RW,LW/RW,RW,32,79.8,15.6,46.9,62.4,-4.8,29.5,13.0,2.6,11.4,14.0,2.9,166.6,17.4,27.8,24.0,-0.566,1.649,,-0.731,,,,0.367,-0.121,0.092,,-0.549,-1.145,-0.639
Sean Monahan,CGY,C,C,C,C,27,78.3,22.7,31.0,53.6,-1.7,18.6,15.2,7.5,7.7,15.1,5.0,169.8,17.1,24.0,60.1,0.353,0.323,,-0.317,,,,0.497,1.243,0.158,,-0.853,-0.389,1.173
Chris Kreider,NYR,LW,LW,LW,LW,30,74.7,26.4,21.2,47.6,3.5,50.2,16.1,10.3,5.1,15.4,3.6,167.5,17.0,45.2,143.0,0.832,-0.495,,0.377,,,,0.533,0.333,0.110,,0.843,1.346,3.691
Alex Killorn,TBL,LW/RW,LW,LW/RW,LW,32,82.0,21.1,27.0,48.1,17.7,41.9,15.9,4.8,5.4,10.3,3.1,159.4,16.6,21.4,82.0,0.146,-0.011,,2.272,,,,-0.071,0.009,-0.057,,-1.061,0.069,0.159
Victor Olofsson,BUF,LW/RW,LW/RW,LW/RW,RW,26,74.5,22.2,28.3,50.4,-10.8,11.4,10.9,11.3,9.8,21.1,2.8,176.7,18.2,19.6,22.7,0.289,0.098,,-1.531,,,,1.207,-0.186,0.300,,-1.205,-1.173,-1.436
Phil Kessel,ARI,RW,RW,RW,RW,34,82.0,22.6,32.8,55.4,-16.4,23.6,14.3,8.3,12.5,20.8,3.2,174.7,17.3,18.5,16.7,0.340,0.473,,-2.278,,,,1.172,0.074,0.259,,-1.293,-1.298,-1.413
Tomas Tatar,NJD,LW/RW,LW,LW/RW,LW,31,79.5,21.4,33.5,54.8,3.0,31.3,15.6,5.8,5.8,11.6,2.9,168.9,16.5,30.5,88.3,0.185,0.531,,0.310,,,,0.083,-0.121,0.139,,-0.333,0.201,0.840
Jack Hughes,NJD,C/LW,C,C/LW,C,20,77.8,19.5,35.7,55.2,-2.9,23.1,15.5,4.0,4.6,8.6,2.4,206.8,19.8,27.8,25.6,-0.061,0.715,,-0.477,,,,-0.272,-0.446,0.921,,-0.549,-1.112,-1.043
Logan Couture,SJS,C,C,C,C,32,76.2,24.8,29.1,53.9,-3.4,23.0,20.7,4.1,9.6,13.6,3.2,172.8,18.3,54.3,65.1,0.625,0.164,,-0.544,,,,0.320,0.074,0.219,,1.571,-0.285,2.416
Tim Stutzle,OTT,LW,C/LW,LW,LW,20,77.8,21.2,32.8,54.0,-9.4,24.3,15.2,6.1,9.9,15.9,3.1,184.7,17.4,26.0,82.4,0.159,0.473,,-1.344,,,,0.592,0.009,0.465,,-0.693,0.077,0.410
Viktor Arvidsson,LAK,LW/RW,RW,LW/RW,RW,28,74.3,24.2,21.6,45.7,4.6,33.0,20.4,3.8,3.2,7.0,3.9,216.6,17.5,40.7,29.5,0.547,-0.462,,0.524,,,,-0.462,0.528,1.124,,0.483,-1.030,0.991
Drake Batheron,OTT,RW,RW,RW,C,23,78.7,21.3,30.7,51.9,-9.8,23.9,13.9,7.4,15.9,23.3,3.6,149.8,17.2,48.3,147.4,0.172,0.298,,-1.398,,,,1.468,0.333,-0.255,,1.091,1.438,3.846
Jordan Eberle,SEA,RW,RW,RW,RW,31,78.3,22.2,26.6,48.8,3.2,20.6,18.0,4.2,7.3,11.5,4.2,176.0,17.2,33.7,44.0,0.289,-0.044,,0.337,,,,0.071,0.723,0.286,,-0.077,-0.727,0.689
Jaden Schwartz,SEA,LW,LW,LW,LW,29,73.8,19.9,31.3,51.1,3.1,24.7,14.5,5.4,7.2,12.6,3.0,164.5,18.3,35.2,65.1,-0.009,0.348,,0.324,,,,0.201,-0.056,0.048,,0.043,-0.285,0.451
Evgeni Malkin,PIT,C,C,C,C,35,52.0,16.9,37.3,54.3,-1.6,48.9,10.9,6.0,11.9,17.9,3.0,134.7,18.3,21.1,34.3,-0.398,0.848,,-0.304,,,,0.829,-0.056,-0.567,,-1.085,-0.930,-1.511
Anthony Mantha,WSH,LW/RW,LW/RW,LW/RW,RW,27,75.9,23.2,25.2,48.4,-4.1,40.5,16.9,6.3,3.4,9.7,2.4,196.6,17.8,35.0,74.1,0.418,-0.161,,-0.637,,,,-0.142,-0.446,0.711,,0.027,-0.096,-0.009
Sam Bennett,FLA,C/LW,C/RW,C/LW,LW,25,73.7,20.8,25.8,46.6,1.9,74.7,18.3,2.5,4.0,6.5,3.5,207.1,16.8,30.8,174.1,0.107,-0.111,,0.163,,,,-0.521,0.268,0.927,,-0.309,1.997,2.441
Carter Verhaeghe,FLA,C/LW,C/LW,C/LW,C,26,72.2,26.2,23.7,49.8,10.6,39.8,24.2,2.0,2.1,4.0,4.0,167.2,17.5,23.2,60.5,0.806,-0.286,,1.324,,,,-0.817,0.593,0.104,,-0.917,-0.381,-0.236
Kyle Palmieri,NYI,LW/RW,RW,LW/RW,RW,30,77.3,22.1,19.5,41.6,-1.0,34.4,13.9,8.2,7.1,15.3,3.6,179.4,16.0,31.4,88.2,0.276,-0.637,,-0.224,,,,0.521,0.333,0.356,,-0.261,0.199,0.675
Nino Niederreiter,CAR,LW/RW,LW/RW,LW/RW,RW,29,80.7,21.8,22.5,44.3,8.0,41.7,17.0,4.8,5.0,9.8,3.3,169.9,15.8,23.3,86.0,0.237,-0.386,,0.977,,,,-0.130,0.138,0.160,,-0.909,0.153,-0.250
Nico Hischier,NJD,C,C,C,C,23,71.5,19.5,30.1,49.6,-1.6,20.5,15.4,4.1,8.4,12.5,2.6,168.9,18.9,49.3,56.7,-0.061,0.248,,-0.304,,,,0.189,-0.316,0.139,,1.171,-0.461,0.757
Yanni Gourde,SEA,C/RW,C/LW,C/RW,LW,30,75.6,19.1,29.3,48.4,8.7,57.1,15.2,4.0,6.3,10.3,4.0,150.4,17.8,30.7,77.2,-0.113,0.181,,1.071,,,,-0.071,0.593,-0.243,,-0.317,-0.031,0.534
James van Riemsdyk,PHI,LW,LW,LW,LW,32,73.8,21.2,24.9,46.1,-1.2,15.7,13.8,7.4,4.7,12.1,2.4,176.6,16.0,19.6,38.9,0.159,-0.186,,-0.250,,,,0.142,-0.446,0.298,,-1.205,-0.833,-2.197
Mikael Backlund,CGY,C/RW,C,C/RW,C,32,80.4,16.5,30.4,46.8,1.9,50.4,14.5,2.0,6.1,8.1,2.9,196.5,17.6,25.8,54.2,-0.449,0.273,,0.163,,,,-0.331,-0.121,0.709,,-0.709,-0.513,-1.061
Oliver Wahlstrom,NYI,RW,RW,RW,RW,21,73.5,20.0,17.3,37.2,3.2,36.2,13.8,6.2,9.7,15.8,2.8,173.2,14.3,29.5,110.0,0.004,-0.820,,0.337,,,,0.580,-0.186,0.228,,-0.413,0.655,0.215
Dustin Brown,LAK,RW,RW,RW,RW,37,77.3,21.4,22.2,43.5,-0.7,28.3,13.8,7.6,4.5,12.1,2.9,177.9,17.2,19.8,132.2,0.185,-0.411,,-0.184,,,,0.142,-0.121,0.325,,-1.189,1.120,-0.042
Anthony Duclair,FLA,LW/RW,LW/RW,LW/RW,LW,26,74.4,21.4,24.1,45.5,6.7,23.0,17.2,4.2,2.1,6.3,2.8,178.0,15.7,31.5,55.5,0.185,-0.253,,0.804,,,,-0.544,-0.186,0.327,,-0.253,-0.486,-0.809
Trevor Zegras,ANA,C/LW,C/LW,C/LW,C,20,75.0,17.4,35.3,52.7,2.5,36.5,15.1,2.3,2.0,4.3,1.9,180.5,16.8,18.3,32.9,-0.333,0.682,,0.243,,,,-0.781,-0.771,0.378,,-1.309,-0.959,-2.972
Rickard Rakell,ANA,LW/RW,C/LW,LW/RW,C,28,76.6,18.3,27.9,46.2,-6.6,18.7,15.0,3.3,6.3,9.6,2.1,200.2,17.4,29.3,90.5,-0.216,0.064,,-0.971,,,,-0.154,-0.641,0.785,,-0.429,0.247,-0.830
Chandler Stephenson,VGK,C/LW,C,C/LW,C,27,76.5,18.5,28.1,46.6,21.6,28.4,15.7,2.8,4.1,6.9,5.0,119.1,18.1,47.8,65.9,-0.190,0.081,,2.792,,,,-0.473,1.243,-0.889,,1.051,-0.268,1.949
Nick Schmaltz,ARI,C/RW,C,C/RW,C,25,77.9,15.4,36.9,52.3,-4.1,22.8,10.8,4.6,10.1,14.6,2.4,141.4,17.4,38.4,20.7,-0.592,0.815,,-0.637,,,,0.438,-0.446,-0.429,,0.299,-1.214,-1.448
Pierre-Luc Dubois,WPG,C,C,C,C,23,80.3,20.3,28.5,48.8,1.6,52.4,18.6,1.7,7.9,9.6,3.7,153.9,16.1,48.7,98.4,0.043,0.114,,0.123,,,,-0.154,0.398,-0.171,,1.123,0.412,1.827
Joel Farabee,PHI,LW/RW,LW,LW/RW,LW,21,79.2,22.3,25.4,47.7,2.4,45.3,19.3,3.1,4.4,7.5,2.3,163.0,16.1,32.0,67.5,0.301,-0.144,,0.230,,,,-0.402,-0.511,0.017,,-0.213,-0.235,-1.072
Blake Coleman,CGY,LW/RW,C/LW/RW,LW/RW,LW,29,79.6,23.2,18.3,41.5,-0.3,60.5,20.2,3.0,1.9,4.9,3.6,205.0,16.6,39.6,185.5,0.418,-0.737,,-0.130,,,,-0.710,0.333,0.884,,0.395,2.236,2.754
Denis Gurianov,DAL,LW/RW,LW/RW,LW/RW,LW,24,75.9,20.0,18.7,38.6,2.7,23.1,13.5,6.5,5.1,11.5,3.7,175.2,15.6,21.7,89.1,0.004,-0.703,,0.270,,,,0.071,0.398,0.269,,-1.037,0.218,-0.646
Alexis Lafreniere,NYR,LW,LW,LW,LW,20,77.1,23.4,29.9,53.3,-5.2,16.9,20.1,3.3,6.6,9.9,5.7,143.0,16.7,20.1,70.7,0.444,0.231,,-0.784,,,,-0.118,1.698,-0.396,,-1.165,-0.168,0.134
Anthony Cirelli,TBL,C/RW,C,C/RW,C,24,79.8,18.9,27.0,45.8,16.9,32.5,17.5,1.4,4.6,6.0,3.7,133.2,18.0,51.9,102.0,-0.139,-0.011,,2.165,,,,-0.580,0.398,-0.598,,1.379,0.488,2.020
Eeli Tolvanen,NSH,LW/RW,RW,LW/RW,LW,22,71.5,20.8,22.3,43.0,-6.7,10.5,10.9,9.9,12.2,22.1,5.3,123.6,15.8,31.7,138.3,0.107,-0.403,,-0.984,,,,1.326,1.438,-0.796,,-0.237,1.248,2.190
Jeff Skinner,BUF,LW,LW,LW,LW,29,78.1,22.5,16.2,38.6,-9.2,29.2,18.7,3.8,4.7,8.4,3.1,219.3,17.2,19.2,34.7,0.327,-0.912,,-1.318,,,,-0.296,0.009,1.179,,-1.237,-0.921,-2.510
Joonas Donskoi,SEA,LW/RW,RW,LW/RW,RW,29,78.5,20.8,23.0,43.8,7.3,21.4,15.6,5.2,4.0,9.2,3.7,141.3,15.9,39.9,33.2,0.107,-0.345,,0.884,,,,-0.201,0.398,-0.431,,0.419,-0.953,-0.563
Andrew Mangiapane,CGY,LW/RW,LW/RW,LW/RW,LW,25,79.1,24.5,22.0,46.5,2.9,32.8,21.8,2.7,5.3,8.0,4.1,143.2,16.9,40.4,81.6,0.586,-0.428,,0.297,,,,-0.343,0.658,-0.391,,0.459,0.061,0.749
Josh Bailey,NYI,LW/RW,RW,LW/RW,LW,32,80.9,14.9,37.3,52.2,3.0,15.1,13.1,1.8,10.4,12.2,2.9,117.0,17.3,37.4,22.7,-0.657,0.848,,0.310,,,,0.154,-0.121,-0.932,,0.219,-1.173,-1.507
Kevin Hayes,PHI,C,C,C,C,29,72.6,20.4,23.0,43.4,-3.1,31.5,16.4,4.0,5.9,9.9,3.6,168.1,17.4,20.4,80.4,0.056,-0.345,,-0.504,,,,-0.118,0.333,0.122,,-1.141,0.036,-1.309
Kevin Labanc,SJS,LW/RW,LW/RW,LW/RW,RW,26,82.0,18.0,28.5,46.5,-11.8,50.3,15.9,2.1,9.1,11.2,3.4,181.5,16.2,24.0,76.2,-0.255,0.114,,-1.665,,,,0.036,0.203,0.399,,-0.853,-0.052,-1.241
Jordan Kyrou,STL,C/RW,C/RW,C/RW,C,23,79.3,19.1,29.8,48.8,1.6,23.1,17.5,1.6,5.3,6.9,2.6,148.3,15.0,23.6,21.8,-0.113,0.223,,0.123,,,,-0.473,-0.316,-0.286,,-0.885,-1.191,-2.981
Frank Vatrano,FLA,LW/RW,C/LW,LW/RW,LW,27,80.8,21.7,15.4,37.1,-0.9,35.7,19.5,2.2,3.0,5.2,3.8,203.5,14.5,46.2,112.0,0.224,-0.979,,-0.210,,,,-0.675,0.463,0.853,,0.923,0.697,1.402
Anthony Beauvillier,NYI,LW,LW,LW,LW,24,78.0,21.6,19.6,41.2,2.5,16.3,18.1,3.6,3.2,6.7,4.2,166.7,16.6,33.0,85.6,0.211,-0.628,,0.243,,,,-0.497,0.723,0.094,,-0.133,0.144,0.035
Joel Eriksson Ek,MIN,C,C,C,C,25,77.1,18.3,22.3,40.5,10.7,31.0,16.9,1.4,2.0,3.4,3.5,166.2,17.3,51.9,135.0,-0.216,-0.403,,1.338,,,,-0.888,0.268,0.083,,1.379,1.179,2.071
Evander Kane,SJS,LW/RW,LW,LW/RW,LW,30,52.0,20.2,19.5,39.7,-3.4,71.9,14.6,5.6,4.2,9.8,2.4,173.9,18.8,18.7,98.2,0.030,-0.637,,-0.544,,,,-0.130,-0.446,0.242,,-1.277,0.408,-2.082
Jake DeBrusk,BOS,LW/RW,LW,LW/RW,LW,25,77.9,18.6,19.1,37.6,4.4,17.5,13.6,5.0,3.2,8.2,3.9,169.1,14.9,28.4,57.9,-0.178,-0.670,,0.497,,,,-0.320,0.528,0.143,,-0.501,-0.436,-1.184
Jordan Staal,CAR,C,C,C,C,33,76.6,16.6,25.3,41.9,2.0,36.6,11.2,5.5,5.7,11.2,2.6,147.1,17.7,32.1,164.8,-0.436,-0.153,,0.177,,,,0.036,-0.316,-0.311,,-0.205,1.803,0.505
Mats Zuccarello,MIN,RW,RW,RW,RW,34,74.6,15.8,33.2,48.9,1.0,19.7,11.2,4.6,6.5,11.0,2.0,124.3,16.7,36.9,23.8,-0.540,0.506,,0.043,,,,0.012,-0.706,-0.782,,0.179,-1.150,-2.459
Alex Iafallo,LAK,LW,LW,LW,LW,28,82.0,18.4,25.2,43.6,-7.3,17.5,12.9,5.5,5.3,10.8,3.0,165.2,18.7,53.7,56.8,-0.203,-0.161,,-1.064,,,,-0.012,-0.056,0.063,,1.523,-0.459,0.162
Kasperi Kapanen,PIT,LW/RW,RW,LW/RW,RW,25,77.9,18.0,27.5,45.4,6.9,23.0,16.6,1.4,3.7,5.1,3.2,144.9,15.7,18.5,83.0,-0.255,0.031,,0.831,,,,-0.687,0.074,-0.356,,-1.293,0.090,-1.982
Jack Roslovic,CBJ,C/RW,C,C/RW,C,25,79.2,18.6,29.4,48.0,-4.8,17.7,13.0,5.6,3.5,9.1,2.3,146.7,17.4,34.0,64.9,-0.178,0.189,,-0.731,,,,-0.213,-0.511,-0.319,,-0.053,-0.289,-1.739
Jesper Bratt,NJD,LW/RW,LW/RW,LW/RW,RW,23,73.0,15.8,30.7,46.5,-3.8,13.1,13.0,2.8,8.0,10.7,2.4,145.4,16.3,29.9,49.0,-0.540,0.298,,-0.597,,,,-0.024,-0.446,-0.346,,-0.381,-0.622,-2.360
Max Domi,CBJ,C/LW,C/LW,C/LW,C,26,82.0,16.7,28.8,45.4,-3.6,58.5,14.6,2.1,5.7,7.8,2.4,162.6,15.4,21.1,37.3,-0.424,0.139,,-0.570,,,,-0.367,-0.446,0.009,,-1.085,-0.867,-3.326
Tom Wilson,WSH,RW,RW,RW,RW,27,75.1,20.4,24.6,44.9,3.2,109.5,16.7,3.7,2.8,6.5,3.2,139.5,16.8,49.2,206.8,0.056,-0.211,,0.337,,,,-0.521,0.074,-0.468,,1.163,2.682,2.942
Tyler Bertuzzi,DET,LW/RW,LW/RW,LW/RW,LW,26,67.0,20.4,25.3,45.8,-4.6,33.2,15.8,4.6,6.7,11.3,2.8,131.4,18.6,34.5,73.4,0.056,-0.153,,-0.704,,,,0.047,-0.186,-0.635,,-0.013,-0.111,-1.348
Pius Suter,DET,C/RW,C/LW,C/RW,C,25,80.3,22.1,20.9,42.9,-5.7,22.6,20.2,1.9,3.1,5.0,4.1,177.3,16.3,48.4,43.0,0.276,-0.520,,-0.851,,,,-0.698,0.658,0.312,,1.099,-0.748,-0.046
Jeff Carter,PIT,C/RW,C,C/RW,C,37,79.7,19.0,16.7,35.6,-8.1,47.3,15.5,3.5,4.8,8.3,3.3,201.2,16.4,33.7,70.2,-0.126,-0.870,,-1.171,,,,-0.308,0.138,0.806,,-0.077,-0.178,-1.200
Filip Zadina,DET,LW/RW,LW/RW,LW/RW,RW,22,73.9,16.7,21.3,38.0,-11.3,6.0,9.1,7.6,6.0,13.6,2.3,176.2,17.0,33.2,39.2,-0.424,-0.487,,-1.598,,,,0.320,-0.511,0.290,,-0.117,-0.827,-2.555
Adrian Kempe,LAK,LW/RW,C/LW,LW/RW,C,25,80.9,16.3,22.8,39.1,-7.2,47.6,13.3,3.0,9.8,12.8,2.3,163.8,16.4,25.4,83.3,-0.475,-0.361,,-1.051,,,,0.225,-0.511,0.034,,-0.741,0.096,-2.260
Kirby Dach,CHI,C,C,C,C,21,74.0,14.8,32.9,47.6,-3.2,30.4,12.1,2.7,3.0,5.7,2.9,159.8,18.8,40.7,46.5,-0.670,0.481,,-0.517,,,,-0.615,-0.121,-0.049,,0.483,-0.674,-1.424
Calle Jarnkrok,SEA,LW/RW,C/LW,LW/RW,C,30,76.2,17.0,21.7,38.7,8.7,14.8,14.6,2.4,6.0,8.4,2.6,136.9,16.8,27.6,45.7,-0.385,-0.453,,1.071,,,,-0.296,-0.316,-0.522,,-0.565,-0.691,-2.692
Andrew Copp,WPG,LW/RW,C/LW,LW/RW,C,27,77.6,16.4,24.5,40.9,4.3,17.5,11.8,4.6,3.9,8.5,3.4,142.6,16.8,44.1,83.6,-0.462,-0.220,,0.484,,,,-0.284,0.203,-0.404,,0.755,0.103,-0.067
Connor Brown,OTT,LW/RW,RW,LW/RW,RW,28,82.0,21.3,23.5,44.8,-5.1,23.7,19.1,2.2,2.3,4.5,2.1,165.9,17.4,37.9,36.2,0.172,-0.303,,-0.771,,,,-0.758,-0.641,0.077,,0.259,-0.890,-2.469
Ryan Johansen,NSH,C,C,C,C,29,78.8,13.6,31.6,45.2,1.5,42.6,11.2,2.4,9.3,11.7,2.5,116.6,17.3,29.3,66.8,-0.825,0.373,,0.110,,,,0.095,-0.381,-0.941,,-0.429,-0.249,-2.303
Max Comtois,ANA,LW/RW,LW,LW/RW,LW,23,79.3,21.5,24.5,45.9,-3.0,59.8,18.5,3.0,4.5,7.5,3.0,133.1,16.0,44.4,149.1,0.198,-0.220,,-0.490,,,,-0.402,-0.056,-0.600,,0.779,1.474,0.927
Pavel Zacha,NJD,C/LW,C,C/LW,C,24,75.1,17.8,25.1,42.9,-7.5,18.0,11.9,6.0,6.8,12.8,3.0,136.8,16.8,21.4,71.8,-0.281,-0.169,,-1.091,,,,0.225,-0.056,-0.524,,-1.061,-0.145,-2.557
Jonathan Drouin,MTL,C/LW,LW,C/LW,LW,26,75.5,12.4,30.8,43.2,-8.4,27.3,10.5,1.9,10.8,12.7,2.4,151.0,16.5,18.7,65.1,-0.980,0.306,,-1.211,,,,0.213,-0.446,-0.230,,-1.277,-0.285,-3.305
Casey Mittelstadt,BUF,C/RW,C,C/RW,C,23,76.0,18.8,25.6,44.4,-12.6,19.2,13.2,5.7,7.2,12.8,3.3,143.5,17.0,24.9,25.0,-0.152,-0.128,,-1.771,,,,0.225,0.138,-0.385,,-0.781,-1.124,-3.093
Matt Duchene,NSH,C/RW,C/RW,C/RW,C,31,76.1,15.8,26.9,42.7,-7.1,21.9,12.0,3.8,5.6,9.4,1.9,157.6,16.7,25.4,56.0,-0.540,-0.019,,-1.037,,,,-0.178,-0.771,-0.094,,-0.741,-0.475,-3.337
Gustav Nyquist,CBJ,LW/RW,RW,LW/RW,RW,31,71.7,15.9,24.9,40.7,-1.5,14.6,13.7,2.2,5.2,7.4,2.7,156.9,16.8,25.0,42.1,-0.527,-0.186,,-0.290,,,,-0.414,-0.251,-0.109,,-0.773,-0.766,-3.172
Evgenii Dadonov,VGK,LW/RW,RW,LW/RW,RW,32,73.4,20.1,20.2,40.3,0.9,8.3,15.7,4.4,3.7,8.1,3.2,136.6,15.5,29.9,37.2,0.017,-0.578,,0.030,,,,-0.331,0.074,-0.528,,-0.381,-0.869,-2.582
Paul Stastny,WPG,C/LW,C,C/LW,C,36,74.6,16.4,24.4,40.8,4.7,34.9,13.5,3.0,5.2,8.2,3.5,129.6,16.9,26.9,53.6,-0.462,-0.228,,0.537,,,,-0.320,0.268,-0.672,,-0.621,-0.526,-2.292
Brandon Saad,STL,LW/RW,LW,LW/RW,LW,29,76.9,22.7,17.5,40.2,-1.9,16.9,20.4,2.3,0.8,3.1,4.5,166.6,16.2,24.0,40.9,0.353,-0.804,,-0.344,,,,-0.923,0.918,0.092,,-0.853,-0.791,-2.180
Yegor Sharangovich,NJD,LW/RW,C/LW,LW/RW,C,23,78.6,22.2,21.3,43.5,-3.5,10.0,19.8,2.5,0.0,2.5,3.7,162.9,16.4,29.7,32.2,0.289,-0.487,,-0.557,,,,-0.994,0.398,0.015,,-0.397,-0.974,-2.428
Christian Dvorak,MTL,C/LW,C,C/LW,LW,25,80.0,19.7,22.0,41.7,-7.4,17.9,13.5,6.3,3.9,10.2,3.1,141.2,17.1,51.5,65.6,-0.035,-0.428,,-1.077,,,,-0.083,0.009,-0.433,,1.347,-0.274,-0.437
Kailer Yamamoto,EDM,RW,RW,RW,RW,23,76.6,17.2,25.5,42.7,14.9,34.7,15.2,2.0,1.5,3.5,1.0,108.5,16.3,51.6,88.3,-0.359,-0.136,,1.898,,,,-0.876,-1.356,-1.108,,1.355,0.201,-1.330
Marco Rossi,MIN,C,C,C,C,20,72.1,15.4,27.3,42.7,2.2,26.0,13.0,2.4,5.1,7.5,2.2,130.3,13.8,33.2,43.7,-0.592,0.014,,0.203,,,,-0.402,-0.576,-0.658,,-0.117,-0.733,-2.963
Nick Ritchie,TOR,LW,LW,LW,LW,25,77.0,15.8,20.0,35.7,4.2,93.3,12.1,3.7,4.4,8.1,2.9,146.7,15.4,29.5,166.3,-0.540,-0.595,,0.470,,,,-0.331,-0.121,-0.319,,-0.413,1.834,-0.251
Quinton Byfield,LAK,C,C,C,C,26,73.0,17.1,24.9,41.9,1.7,24.6,13.2,3.9,2.5,6.4,2.0,133.6,15.7,37.0,54.5,-0.372,-0.186,,0.137,,,,-0.533,-0.706,-0.590,,0.187,-0.507,-2.638
Josh Anderson,MTL,RW,RW,RW,RW,27,73.7,20.2,12.3,32.5,2.4,46.3,18.8,1.4,1.8,3.2,4.2,179.6,15.9,32.9,168.2,0.030,-1.237,,0.230,,,,-0.911,0.723,0.360,,-0.141,1.874,0.811
Zach Parise,NYI,LW,LW,LW,LW,37,75.9,17.4,18.3,35.7,0.7,15.8,12.8,4.7,3.0,7.7,3.6,151.3,14.3,40.4,34.4,-0.333,-0.737,,0.003,,,,-0.379,0.333,-0.224,,0.459,-0.928,-1.807
Mikael Granlund,NSH,C/RW,C/RW,C/RW,LW,29,76.3,18.7,20.2,38.9,-2.1,25.9,13.3,5.4,4.3,9.7,3.1,131.4,18.0,58.3,56.9,-0.165,-0.578,,-0.370,,,,-0.142,0.009,-0.635,,1.891,-0.456,-0.262
Dylan Strome,CHI,C/RW,C,C/RW,C,24,72.6,15.9,26.6,42.5,-3.4,20.8,11.9,4.0,6.5,10.5,2.6,122.5,15.6,37.4,24.3,-0.527,-0.044,,-0.544,,,,-0.047,-0.316,-0.819,,0.219,-1.139,-2.946
Jason Zucker,PIT,LW/RW,LW,LW/RW,LW,30,76.9,18.7,20.5,39.2,-6.0,30.8,15.3,3.5,5.4,8.9,3.5,146.6,16.0,27.7,113.4,-0.165,-0.553,,-0.891,,,,-0.237,0.268,-0.321,,-0.557,0.726,-1.284
Nils Hoglander,VAN,LW/RW,LW/RW,LW/RW,LW,21,78.7,18.8,22.2,41.0,-2.9,24.8,17.6,1.2,1.0,2.2,2.2,166.2,15.4,28.9,43.6,-0.152,-0.411,,-0.477,,,,-1.030,-0.576,0.083,,-0.461,-0.735,-3.520
Tanner Pearson,VAN,LW,LW,LW,LW,29,79.3,19.7,17.3,36.9,-7.3,29.4,16.2,3.5,4.0,7.5,2.7,164.1,15.9,42.1,92.6,-0.035,-0.820,,-1.064,,,,-0.402,-0.251,0.040,,0.595,0.291,-1.116
Adam Henrique,ANA,C/LW,C/LW,C/LW,C,31,78.4,21.5,18.8,40.3,-5.7,22.7,16.8,4.8,3.0,7.7,2.7,140.2,16.4,49.5,74.9,0.198,-0.695,,-0.851,,,,-0.379,-0.251,-0.453,,1.187,-0.080,-0.899
Jakob Silfverberg,ANA,RW,RW,RW,RW,31,76.7,19.1,18.3,37.3,-6.1,23.7,16.0,3.1,4.0,7.1,2.0,160.5,17.0,44.5,36.7,-0.113,-0.737,,-0.904,,,,-0.450,-0.706,-0.034,,0.787,-0.879,-2.585
Tyler Johnson,CHI,C/RW,C,C/RW,C,31,79.8,18.0,19.1,37.1,5.0,24.3,16.2,1.8,4.3,6.1,2.9,132.8,14.8,26.6,76.9,-0.255,-0.670,,0.577,,,,-0.568,-0.121,-0.606,,-0.645,-0.038,-2.615
Dmirtij Jaskin,ARI,LW/RW,LW/RW,LW/RW,--,26,76.0,19.2,20.4,39.7,-10.3,26.3,15.4,3.8,0.0,3.8,1.5,174.8,14.5,39.1,213.1,-0.100,-0.562,,-1.464,,,,-0.840,-1.031,0.261,,0.355,2.814,0.164
Kaapo Kakko,NYR,RW,RW,RW,RW,20,76.3,16.5,18.0,34.4,-8.3,19.9,13.3,3.2,7.8,11.0,2.8,151.3,16.2,24.1,32.1,-0.449,-0.762,,-1.198,,,,0.012,-0.186,-0.224,,-0.845,-0.976,-4.030
Jean-Gabriel Pageau,NYI,C,C,C,C,29,78.1,18.7,16.9,35.6,-1.1,33.0,14.5,4.3,3.8,8.0,3.1,134.8,16.4,65.1,132.2,-0.165,-0.854,,-0.237,,,,-0.343,0.009,-0.565,,2.435,1.120,1.518
Lars Eller,WSH,C,C,C,C,32,79.8,15.6,23.4,38.9,-0.3,40.1,14.3,1.3,3.1,4.4,1.9,145.2,16.1,42.8,64.5,-0.566,-0.311,,-0.130,,,,-0.769,-0.771,-0.350,,0.651,-0.297,-2.480
Matthew Boldy,MIN,LW,LW,LW,LW,21,68.0,13.6,25.0,38.6,1.2,17.7,11.5,2.1,4.7,6.8,1.8,132.1,13.5,25.1,68.0,-0.825,-0.178,,0.070,,,,-0.485,-0.836,-0.621,,-0.765,-0.224,-3.899
Dylan Cozens,BUF,C/RW,C/RW,C/RW,C,20,73.1,16.3,25.6,41.9,-16.2,30.2,11.6,4.7,2.1,6.8,1.0,166.9,16.2,24.0,65.3,-0.475,-0.128,,-2.252,,,,-0.485,-1.356,0.098,,-0.853,-0.281,-4.606
Robby Fabbri,DET,C/LW,LW,C/LW,C,26,69.8,19.8,20.8,40.6,-11.8,25.2,15.2,4.6,3.7,8.3,5.0,136.6,17.3,27.4,81.2,-0.022,-0.528,,-1.665,,,,-0.308,1.243,-0.528,,-0.581,0.052,-1.504
Phillip Danault,LAK,C,C,C,C,28,80.7,10.6,31.9,42.4,8.8,36.3,10.4,0.2,1.8,2.0,0.9,117.6,16.3,42.1,104.1,-1.213,0.398,,1.084,,,,-1.053,-1.421,-0.920,,0.595,0.532,-2.541
Ross Colton,TBL,C/LW,LW,C/LW,LW,25,77.1,18.3,15.0,33.3,7.9,40.2,18.3,0.0,0.5,0.5,5.3,146.0,13.7,23.4,116.6,-0.216,-1.012,,0.964,,,,-1.231,1.438,-0.334,,-0.901,0.793,-0.981
Dillon Dube,CGY,LW/RW,LW/RW,LW/RW,C,23,72.9,16.3,21.1,37.4,-0.4,22.3,13.1,3.2,1.1,4.3,2.1,138.9,14.3,23.2,94.2,-0.475,-0.503,,-0.143,,,,-0.781,-0.641,-0.480,,-0.917,0.324,-3.546
Miles Wood,NJD,LW,LW,LW,LW,26,76.9,17.8,14.3,32.1,-7.2,72.4,15.2,2.6,0.8,3.4,2.4,183.0,14.8,32.9,89.1,-0.281,-1.071,,-1.051,,,,-0.888,-0.446,0.430,,-0.141,0.218,-2.705
Michael Bunting,TOR,LW,LW,LW,LW,26,75.4,19.6,19.0,38.6,0.5,29.5,14.9,4.7,0.0,4.7,2.7,120.0,14.8,9.2,94.4,-0.048,-0.678,,-0.023,,,,-0.734,-0.251,-0.870,,-2.037,0.329,-4.302
Ryan Hartman,MIN,C/RW,C/RW,C/RW,RW,27,79.3,12.8,20.9,33.6,2.5,68.7,11.4,1.4,4.1,5.5,2.1,140.2,15.6,58.8,77.6,-0.928,-0.520,,0.243,,,,-0.639,-0.641,-0.453,,1.931,-0.023,-1.153
Andreas Athanasiou,LAK,LW/RW,C,LW/RW,LW,27,73.6,18.0,19.2,37.2,-13.7,32.2,16.0,2.0,4.1,6.1,2.3,160.1,15.4,27.3,32.2,-0.255,-0.662,,-1.918,,,,-0.568,-0.511,-0.043,,-0.589,-0.974,-4.561
Valeri Nichushkin,COL,LW/RW,RW,LW/RW,RW,26,77.8,14.0,16.1,30.0,14.3,13.3,13.2,0.8,0.4,1.2,2.8,133.7,14.1,34.2,95.6,-0.773,-0.920,,1.818,,,,-1.148,-0.186,-0.588,,-0.037,0.354,-2.390
Barrett Hayton,ARI,C/LW,C,C/LW,C,21,79.7,15.4,22.1,37.5,-4.7,32.5,13.3,2.1,1.8,3.9,2.5,146.0,15.1,22.1,92.5,-0.592,-0.420,,-0.717,,,,-0.829,-0.381,-0.334,,-1.005,0.289,-3.630
Ryan Dzingel,ARI,LW/RW,C/LW,LW/RW,C,27,72.1,16.4,19.6,36.0,-4.3,31.2,12.1,4.3,4.7,9.0,2.3,119.0,14.8,28.5,52.3,-0.462,-0.628,,-0.664,,,,-0.225,-0.511,-0.891,,-0.493,-0.553,-4.096
Ilya Mikheyev,TOR,LW/RW,LW/RW,LW/RW,RW,27,77.1,11.9,19.2,31.1,7.8,10.4,11.9,0.0,0.0,0.0,2.3,161.2,14.5,34.5,64.4,-1.045,-0.662,,0.951,,,,-1.290,-0.511,-0.020,,-0.013,-0.299,-3.365
Tage Thompson,BUF,LW/RW,RW,LW/RW,C,24,71.5,16.8,13.9,30.7,-14.5,29.5,13.4,3.4,2.1,5.5,1.0,192.0,15.0,16.7,68.9,-0.411,-1.104,,-2.025,,,,-0.639,-1.356,0.616,,-1.437,-0.205,-5.548
Alex Newhook,COL,C,C,C,C,21,72.0,9.8,23.8,33.6,18.7,26.7,8.8,1.0,2.0,3.0,0.5,102.3,14.1,30.3,54.6,-1.317,-0.278,,2.405,,,,-0.935,-1.681,-1.236,,-0.349,-0.505,-5.098
Charlie Coyle,BOS,C/RW,C/RW,C/RW,C,29,79.6,13.6,19.5,33.1,3.1,25.8,12.8,0.8,2.9,3.7,2.6,140.3,16.4,37.7,87.2,-0.825,-0.637,,0.324,,,,-0.852,-0.316,-0.451,,0.243,0.178,-2.499
Owen Tippett,FLA,RW,RW,RW,RW,22,74.6,12.6,19.3,31.9,-4.2,12.9,9.9,2.8,1.9,4.7,2.8,164.6,13.6,16.0,110.9,-0.954,-0.653,,-0.650,,,,-0.734,-0.186,0.050,,-1.493,0.674,-3.622
Jordan Greenway,MIN,LW/RW,LW,LW/RW,LW,24,80.7,11.1,29.7,40.8,3.4,62.1,11.1,0.0,2.4,2.4,1.4,120.5,15.6,46.6,118.6,-1.149,0.214,,0.364,,,,-1.006,-1.096,-0.860,,0.955,0.835,-1.924
Robert Thomas,STL,C/RW,C/RW,C/RW,C,22,76.0,11.4,30.8,42.2,3.1,22.6,9.4,2.0,4.5,6.4,1.8,91.0,14.9,23.7,21.1,-1.110,0.306,,0.324,,,,-0.533,-0.836,-1.469,,-0.877,-1.206,-5.563
Alex Barre-Boulet,TBL,C/RW,C,C/RW,C,24,75.8,14.0,16.3,30.2,2.0,8.5,9.6,4.4,4.4,8.8,1.8,122.9,14.9,27.8,51.7,-0.773,-0.904,,0.177,,,,-0.249,-0.836,-0.810,,-0.549,-0.565,-4.598
Jesperi Kotkaniemi,CAR,C/LW,C,C/LW,C,21,78.1,14.9,20.1,35.0,-3.6,29.3,13.7,1.2,4.7,5.8,2.0,135.1,15.2,41.3,112.3,-0.657,-0.587,,-0.570,,,,-0.604,-0.706,-0.559,,0.531,0.703,-2.163
Alexandre Texier,CBJ,C/LW,C,C/LW,C,22,71.4,14.3,22.1,36.4,-7.1,28.8,14.3,0.0,1.2,1.2,1.9,166.8,15.7,26.0,66.3,-0.734,-0.420,,-1.037,,,,-1.148,-0.771,0.096,,-0.693,-0.260,-4.449
Warren Foegele,EDM,LW/RW,LW/RW,LW/RW,LW,25,79.6,15.0,16.7,31.7,6.9,36.1,15.0,0.0,0.0,0.0,1.7,140.5,14.0,19.9,85.6,-0.644,-0.870,,0.831,,,,-1.290,-0.901,-0.447,,-1.181,0.144,-4.774
Boone Jenner,CBJ,C/LW,C,C/LW,C,28,76.1,13.3,17.4,30.7,-5.3,31.4,11.9,1.4,1.7,3.1,1.9,162.7,17.0,79.3,135.2,-0.864,-0.812,,-0.797,,,,-0.923,-0.771,0.011,,3.570,1.183,0.996
Tyson Jost,COL,C/LW,C,C/LW,C,23,79.1,11.5,15.9,27.4,7.6,30.9,9.9,1.6,1.7,3.3,1.3,134.8,13.9,30.1,66.2,-1.097,-0.937,,0.924,,,,-0.900,-1.161,-0.565,,-0.365,-0.262,-4.824
Filip Chytil,NYR,C/RW,C,C/RW,RW,28,74.2,14.8,16.7,31.4,-3.6,13.7,13.0,1.8,2.3,4.1,2.3,139.1,14.3,33.0,30.2,-0.670,-0.870,,-0.570,,,,-0.805,-0.511,-0.476,,-0.133,-1.016,-4.766
Luke Kunin,NSH,C/RW,C/RW,C/RW,C,24,72.9,16.5,17.5,34.0,-3.4,40.1,16.5,0.0,1.7,1.7,2.6,138.2,14.6,49.2,111.9,-0.449,-0.804,,-0.544,,,,-1.089,-0.316,-0.495,,1.163,0.695,-1.567
Arttu Ruotsalainen,BUF,C,C,C,C,24,70.4,21.0,22.9,43.9,-20.3,34.3,21.0,0.0,0.0,0.0,0.0,151.3,14.5,17.2,68.6,0.133,-0.353,,-2.799,,,,-1.290,-2.005,-0.224,,-1.397,-0.212,-6.748
Joel Armia,MTL,LW/RW,RW,LW/RW,RW,28,71.9,13.9,12.4,26.3,3.0,21.5,11.7,2.3,1.4,3.7,1.8,141.0,14.4,24.2,138.0,-0.786,-1.229,,0.310,,,,-0.852,-0.836,-0.437,,-0.837,1.242,-3.581
Alex Kerfoot,TOR,C/RW,C,C/RW,C,24,79.7,12.0,22.7,34.7,0.2,37.6,10.3,1.7,5.1,6.7,1.4,102.6,14.5,43.0,51.5,-1.032,-0.370,,-0.063,,,,-0.497,-1.096,-1.230,,0.667,-0.570,-4.159
Nick Bonino,SJS,C/RW,C,C/RW,C,33,79.1,14.1,18.5,32.6,8.1,26.7,11.8,2.3,0.8,3.1,1.7,101.3,15.3,75.1,22.4,-0.760,-0.720,,0.991,,,,-0.923,-0.901,-1.256,,3.235,-1.179,-2.010
Ondrej Kase,TOR,RW,RW,RW,RW,25,63.5,12.3,15.1,27.4,4.9,12.1,11.9,0.5,1.5,2.0,2.1,138.9,13.6,21.3,29.2,-0.993,-1.004,,0.564,,,,-1.053,-0.641,-0.480,,-1.069,-1.036,-5.996
Alex Wennberg,SEA,C/LW,C,C/LW,C,27,76.2,11.6,21.4,33.0,4.5,16.5,9.5,2.2,3.9,6.1,1.7,93.2,16.8,42.5,35.7,-1.084,-0.478,,0.510,,,,-0.568,-0.901,-1.424,,0.627,-0.900,-4.473
Gabriel Vilardi,LAK,C,C,C,C,22,77.0,15.9,20.9,36.8,-9.8,12.3,11.0,4.9,2.5,7.4,3.7,103.0,14.8,28.2,23.3,-0.527,-0.520,,-1.398,,,,-0.414,0.398,-1.221,,-0.517,-1.160,-4.660
Victor Rask,MIN,C,C,C,C,28,72.2,12.7,18.7,31.4,4.3,10.3,11.3,1.4,6.5,7.9,2.3,83.1,15.2,16.5,41.9,-0.941,-0.703,,0.484,,,,-0.355,-0.511,-1.632,,-1.453,-0.771,-6.125
Erik Haula,BOS,C/LW,C/LW,C/LW,LW,30,72.4,12.6,15.9,28.5,3.4,26.1,10.5,2.1,3.2,5.2,2.3,112.8,14.6,26.5,64.0,-0.954,-0.937,,0.364,,,,-0.675,-0.511,-1.019,,-0.653,-0.308,-4.876
Marcus Foligno,MIN,LW/RW,LW/RW,LW/RW,LW,30,74.2,14.1,20.2,34.2,7.2,64.5,13.4,0.7,0.4,1.0,2.2,95.9,15.0,41.4,209.4,-0.760,-0.578,,0.871,,,,-1.172,-0.576,-1.368,,0.539,2.736,-0.744
Vasily Podkolzin,VAN,RW,RW,RW,RW,21,76.1,12.9,19.2,32.1,-1.7,32.5,10.5,2.4,3.7,6.1,1.4,103.5,14.7,31.5,73.9,-0.916,-0.662,,-0.317,,,,-0.568,-1.096,-1.211,,-0.253,-0.101,-4.965
Ryan Getzlaf,ANA,C,C,C,C,36,75.1,10.6,24.7,35.3,-12.1,52.4,8.4,2.3,5.4,7.7,1.9,119.8,16.5,64.2,111.9,-1.213,-0.203,,-1.705,,,,-0.379,-0.771,-0.874,,2.363,0.695,-1.235
Cody Glass,NSH,C/RW,C/RW,C/RW,C,22,72.0,11.0,16.0,27.0,-1.6,18.6,5.5,5.5,6.2,11.7,1.6,93.9,15.0,21.3,37.1,-1.161,-0.929,,-0.304,,,,0.095,-0.966,-1.409,,-1.069,-0.871,-6.463
Shane Pinto,OTT,C,C/RW,C,C,21,73.0,12.8,24.5,37.3,-10.5,50.9,10.8,2.0,1.5,3.5,1.0,123.5,13.8,53.5,79.0,-0.928,-0.220,,-1.491,,,,-0.876,-1.356,-0.798,,1.507,0.006,-3.410
Mason Appleton,SEA,C/RW,C/RW,C/RW,C,26,74.4,13.0,17.6,30.6,4.6,24.8,12.5,0.5,0.5,1.0,1.7,113.4,14.7,29.9,74.3,-0.903,-0.795,,0.524,,,,-1.172,-0.901,-1.007,,-0.381,-0.092,-4.989
Lawson Crouse,ARI,LW,LW,LW,LW,24,78.9,13.2,16.4,29.6,-4.9,57.7,12.2,1.0,2.4,3.4,1.9,133.7,15.0,43.3,253.3,-0.877,-0.895,,-0.744,,,,-0.888,-0.771,-0.588,,0.691,3.656,-0.044
JT Compher,COL,C/RW,C/LW,C/RW,RW,26,74.2,13.8,15.3,29.1,1.8,26.1,12.1,1.8,3.2,4.9,2.4,101.2,15.0,59.0,44.9,-0.799,-0.987,,0.150,,,,-0.710,-0.446,-1.258,,1.947,-0.708,-2.887
Mathieu Joseph,TBL,C/RW,RW,C/RW,RW,24,75.5,15.4,15.7,31.1,3.4,28.2,15.1,0.3,0.5,0.8,1.8,106.5,14.0,24.8,139.8,-0.592,-0.954,,0.364,,,,-1.195,-0.836,-1.149,,-0.789,1.279,-4.054
Vinnie Hinostroza,BUF,C/RW,C,C/RW,RW,27,69.5,9.9,20.1,30.0,-1.9,14.1,8.8,1.1,2.1,3.2,1.1,125.1,14.0,25.3,68.0,-1.304,-0.587,,-0.344,,,,-0.911,-1.291,-0.765,,-0.749,-0.224,-6.003
Daniel Sprong,WSH,LW/RW,RW,LW/RW,RW,24,70.4,16.7,10.6,27.4,-3.0,15.3,15.2,1.5,1.0,2.5,2.9,127.3,11.8,10.4,49.4,-0.424,-1.379,,-0.490,,,,-0.994,-0.121,-0.720,,-1.941,-0.614,-6.438
Troy Terry,ANA,RW,RW,RW,C,24,73.7,10.3,20.9,31.1,-2.0,18.4,9.2,1.1,3.7,4.8,1.0,109.2,15.5,21.6,13.9,-1.252,-0.520,,-0.357,,,,-0.722,-1.356,-1.093,,-1.045,-1.357,-7.524
Brandon Tanev,SEA,LW/RW,LW/RW,LW/RW,LW,30,77.2,13.6,16.4,29.9,5.0,30.7,13.6,0.0,0.2,0.2,1.9,110.4,14.3,71.5,268.1,-0.825,-0.895,,0.577,,,,-1.266,-0.771,-1.069,,2.947,3.965,2.374
Henrik Borgstrom,CHI,C,C,C,C,23,74.0,13.5,18.5,32.1,-14.0,8.1,9.0,4.5,7.4,11.9,0.0,94.7,12.8,17.5,17.5,-0.838,-0.720,,-1.958,,,,0.118,-2.005,-1.393,,-1.373,-1.281,-8.471
Danton Heinen,PIT,LW/RW,C,LW/RW,C,26,79.2,10.5,16.9,27.4,1.6,12.1,9.0,1.6,2.0,3.5,1.6,116.7,13.5,42.0,53.0,-1.226,-0.854,,0.123,,,,-0.876,-0.966,-0.938,,0.587,-0.538,-4.750
Nolan Patrick,VGK,C/RW,C,C/RW,C,23,74.2,11.9,16.7,28.5,-0.8,28.4,9.4,2.5,1.1,3.6,2.3,113.2,14.2,27.7,70.3,-1.045,-0.870,,-0.197,,,,-0.864,-0.511,-1.011,,-0.557,-0.176,-5.133
Nick Paul,OTT,C/LW,LW,C/LW,C,26,73.7,10.3,16.4,26.6,-0.2,26.6,10.3,0.0,1.6,1.6,1.4,131.4,15.0,46.2,118.7,-1.252,-0.895,,-0.117,,,,-1.101,-1.096,-0.635,,0.923,0.837,-3.278
Scott Laughton,PHI,C/LW,C/LW,C/LW,C,27,72.2,13.1,16.7,29.8,2.8,40.0,13.1,0.0,0.0,0.0,1.7,112.0,14.6,40.2,153.5,-0.890,-0.870,,0.283,,,,-1.290,-0.901,-1.035,,0.443,1.566,-2.836
Alexander Barabanov,SJS,RW,LW/RW,RW,C,27,65.2,12.3,17.5,29.7,-0.5,22.3,8.7,3.6,0.4,4.0,3.1,100.5,15.3,48.2,36.3,-0.993,-0.804,,-0.157,,,,-0.817,0.009,-1.273,,1.083,-0.888,-3.761
Oskar Lindblom,PHI,LW,LW,LW,RW,25,75.9,15.2,12.5,27.7,-4.4,16.0,13.5,1.7,0.5,2.2,1.7,123.1,13.8,40.3,67.3,-0.618,-1.221,,-0.677,,,,-1.030,-0.901,-0.806,,0.451,-0.239,-4.702
Rudolfs Balcers,SJS,LW,LW,LW,LW,24,70.0,12.3,17.0,29.3,-6.6,21.7,10.5,1.8,1.9,3.7,2.8,117.5,15.1,48.9,111.4,-0.993,-0.845,,-0.971,,,,-0.852,-0.186,-0.922,,1.139,0.685,-2.461
Radek Faksa,DAL,C,C,C,C,28,80.1,12.4,12.3,24.7,-1.0,47.4,10.7,1.7,1.5,3.2,2.0,119.3,15.6,56.1,110.2,-0.980,-1.237,,-0.224,,,,-0.911,-0.706,-0.885,,1.715,0.659,-2.458
Zach Sanford,STL,LW,LW,LW,LW,27,74.0,14.6,13.2,27.8,1.7,32.8,12.8,1.9,0.2,2.1,2.7,99.4,13.9,50.1,100.2,-0.695,-1.162,,0.137,,,,-1.042,-0.251,-1.296,,1.235,0.450,-2.693
Nick Foligno,BOS,LW/RW,C/LW/RW,LW/RW,LW,34,76.3,10.2,16.2,26.4,3.5,41.9,8.9,1.3,0.9,2.2,1.5,108.1,14.4,44.6,160.8,-1.265,-0.912,,0.377,,,,-1.030,-1.031,-1.116,,0.795,1.719,-2.652
Adam Lowry,WPG,C,C,C,C,28,77.1,11.5,14.8,26.2,3.1,28.1,11.3,0.2,1.5,1.7,2.4,109.2,14.8,41.2,208.3,-1.097,-1.029,,0.324,,,,-1.089,-0.446,-1.093,,0.523,2.713,-1.356
Colin White,OTT,C/RW,C,C/RW,C,25,73.3,12.3,18.5,30.8,-9.9,29.3,9.8,2.5,3.1,5.6,1.4,106.9,14.6,32.5,63.9,-0.993,-0.720,,-1.411,,,,-0.627,-1.096,-1.141,,-0.173,-0.310,-5.766
Artturi Lehkonen,MTL,LW/RW,LW,LW/RW,LW,26,79.1,10.5,13.1,23.5,2.0,23.8,10.5,0.0,0.0,0.0,1.9,131.5,13.1,35.2,116.4,-1.226,-1.171,,0.177,,,,-1.290,-0.771,-0.633,,0.043,0.789,-4.171
Vladislav Namestnikov,DET,C/LW,C,C/LW,C,28,78.5,13.8,15.7,29.5,-6.9,43.4,12.7,1.1,0.8,1.9,2.0,117.7,15.3,53.2,116.7,-0.799,-0.954,,-1.011,,,,-1.065,-0.706,-0.918,,1.483,0.796,-2.669
Nick Cousins,NSH,LW/RW,C/RW,LW/RW,C,28,77.9,9.3,16.8,26.1,-2.3,42.6,8.1,1.2,2.2,3.4,1.1,117.7,13.4,35.3,96.8,-1.382,-0.862,,-0.397,,,,-0.888,-1.291,-0.918,,0.051,0.379,-5.109
Michael Rasmussen,DET,C/RW,C,C/RW,C,22,72.7,9.6,17.7,27.3,-7.7,41.9,6.9,2.7,2.4,5.1,0.9,115.0,15.1,47.8,127.6,-1.343,-0.787,,-1.117,,,,-0.687,-1.421,-0.974,,1.051,1.024,-3.695
Janne Kuokkanen,NJD,RW,C/LW,RW,LW,23,72.6,11.3,22.5,33.8,-7.6,18.5,10.0,1.3,2.8,4.1,1.8,89.3,14.2,28.0,21.4,-1.123,-0.386,,-1.104,,,,-0.805,-0.836,-1.504,,-0.533,-1.200,-6.939
Barclay Goodrow,NYR,C/LW,C/LW/RW,C/LW,RW,28,82.0,8.7,17.4,26.1,4.4,96.2,8.7,0.0,0.5,0.5,1.9,105.8,14.6,59.0,160.1,-1.459,-0.812,,0.497,,,,-1.231,-0.771,-1.163,,1.947,1.704,-1.537
Joel Kiviranta,DAL,RW,LW,RW,LW,25,68.1,13.9,13.1,27.1,1.8,17.7,12.3,1.6,0.0,1.6,1.1,92.5,13.2,29.2,108.8,-0.786,-1.171,,0.150,,,,-1.101,-1.291,-1.438,,-0.437,0.630,-5.518
Philipp Kurashev,CHI,C/LW,C,C/LW,LW,22,77.1,11.6,16.3,27.9,-7.9,18.5,9.5,2.2,4.6,6.7,1.9,95.7,12.7,26.7,52.0,-1.084,-0.904,,-1.144,,,,-0.497,-0.771,-1.372,,-0.637,-0.559,-6.396
Mattias Janmark,VGK,C/LW,C,C/LW,LW,29,80.0,9.9,15.8,25.7,-3.7,20.3,8.2,1.8,2.3,4.1,1.1,109.0,14.7,32.2,30.3,-1.304,-0.945,,-0.584,,,,-0.805,-1.291,-1.097,,-0.197,-1.013,-6.945
Alex Formenton,OTT,LW,LW,LW,LW,22,74.0,13.0,14.5,27.4,-5.6,25.4,11.9,1.0,1.0,2.0,0.6,111.2,12.5,37.7,94.4,-0.903,-1.054,,-0.837,,,,-1.053,-1.616,-1.052,,0.243,0.329,-5.525
Brock McGinn,PIT,LW/RW,LW,LW/RW,LW,27,78.7,11.7,12.3,23.9,0.1,20.2,11.4,0.3,0.1,0.4,1.5,118.1,13.8,28.3,103.4,-1.071,-1.237,,-0.077,,,,-1.243,-1.031,-0.910,,-0.509,0.517,-5.522
Trevor Moore,LAK,LW/RW,C/RW,LW/RW,LW,26,70.0,11.4,14.9,26.3,-4.8,19.9,10.8,0.6,1.1,1.7,1.0,108.5,14.4,15.6,55.1,-1.110,-1.021,,-0.731,,,,-1.089,-1.356,-1.108,,-1.525,-0.494,-8.067
Wayne Simmonds,TOR,RW,RW,RW,RW,33,77.9,10.1,10.6,20.7,-5.9,65.9,6.4,3.8,2.4,6.2,1.5,111.0,11.8,25.1,116.4,-1.278,-1.379,,-0.877,,,,-0.556,-1.031,-1.056,,-0.765,0.789,-5.715
Vitaly Kravtsov,NYR,RW,RW,RW,LW,22,68.1,11.4,10.9,22.2,-6.3,17.0,10.2,1.2,0.6,1.8,0.5,124.4,13.5,24.4,41.1,-1.110,-1.354,,-0.931,,,,-1.077,-1.681,-0.780,,-0.821,-0.787,-8.075
Jason Dickinson,VAN,C/LW,C,C/LW,C,26,75.4,9.6,14.0,23.5,2.9,20.7,9.6,0.0,0.7,0.7,1.6,99.6,15.0,62.3,108.4,-1.343,-1.096,,0.297,,,,-1.207,-0.966,-1.291,,2.211,0.622,-2.922
Max Jones,ANA,LW,LW,LW,LW,23,70.1,10.9,7.6,18.5,-7.1,41.1,8.7,2.2,2.2,4.3,1.3,125.1,14.6,19.9,124.0,-1.174,-1.630,,-1.037,,,,-0.781,-1.161,-0.765,,-1.181,0.948,-6.263
John Leonard,SJS,LW/RW,LW,LW/RW,LW,23,70.7,8.2,17.5,25.7,-5.3,1.5,5.5,2.7,0.0,2.7,0.0,103.2,12.3,29.8,43.7,-1.524,-0.804,,-0.797,,,,-0.971,-2.005,-1.217,,-0.389,-0.733,-8.041
Rasmus Asplund,BUF,C/RW,C,C/RW,C,24,75.0,11.7,17.2,28.9,-4.1,10.0,11.7,0.0,0.0,0.0,1.8,93.1,14.0,16.8,56.4,-1.071,-0.829,,-0.637,,,,-1.290,-0.836,-1.426,,-1.429,-0.467,-7.666
Liam Foudy,CBJ,C/RW,C,C/RW,C,21,76.6,6.5,14.4,20.9,-0.1,18.5,6.5,0.0,0.0,0.0,1.0,122.6,12.5,17.9,55.4,-1.744,-1.062,,-0.103,,,,-1.290,-1.356,-0.817,,-1.341,-0.488,-8.150
Tyler Pitlick,CGY,LW/RW,C,LW/RW,RW,30,69.7,10.8,10.5,21.2,2.3,18.3,10.6,0.2,0.7,0.8,1.6,98.9,14.0,53.3,130.8,-1.187,-1.388,,0.217,,,,-1.195,-0.966,-1.306,,1.491,1.091,-3.353
Jesper Fast,CAR,RW,RW,RW,RW,30,74.5,10.4,16.6,26.9,0.4,23.4,9.7,0.7,1.4,2.1,1.4,74.4,14.7,42.5,117.9,-1.239,-0.879,,-0.037,,,,-1.042,-1.096,-1.812,,0.627,0.821,-4.638
Christian Fischer,ARI,RW,RW,RW,RW,24,75.4,10.4,11.6,22.0,-9.3,21.6,9.7,0.8,1.7,2.4,1.1,117.0,14.4,34.5,191.1,-1.239,-1.296,,-1.331,,,,-1.006,-1.291,-0.932,,-0.013,2.353,-4.090
Chris Tierney,OTT,C,C,C,C,27,82.0,8.7,23.5,32.2,-11.6,18.7,8.5,0.2,2.0,2.2,1.6,87.6,14.0,41.1,36.4,-1.459,-0.303,,-1.638,,,,-1.030,-0.966,-1.539,,0.515,-0.886,-6.487
Klim Kostin,STL,C/LW,C,C/LW,RW,22,70.7,10.1,14.1,24.2,0.0,0.0,9.1,1.0,1.4,2.4,0.0,78.1,13.8,31.4,235.2,-1.278,-1.087,,-0.090,,,,-1.006,-2.005,-1.735,,-0.261,3.277,-4.142
Adam Erne,DET,LW/RW,LW,LW/RW,LW,26,73.5,10.1,11.9,22.0,-7.0,45.6,7.9,2.3,1.4,3.6,1.3,101.3,13.3,31.5,170.2,-1.278,-1.271,,-1.024,,,,-0.864,-1.161,-1.256,,-0.253,1.916,-4.680
Anders Bjork,BUF,LW/RW,LW,LW/RW,LW,25,69.6,10.9,16.3,27.2,-5.5,18.6,10.5,0.5,0.0,0.5,0.5,86.9,15.1,25.4,69.4,-1.174,-0.904,,-0.824,,,,-1.231,-1.681,-1.554,,-0.741,-0.195,-7.891
Ryan McLeod,EDM,C,C,C,C,22,72.0,9.0,16.7,25.7,-3.8,7.6,8.2,0.8,1.1,1.9,0.5,76.1,12.9,24.0,37.6,-1.420,-0.870,,-0.597,,,,-1.065,-1.681,-1.776,,-0.853,-0.861,-8.825
Zack Kassian,EDM,RW,RW,RW,RW,31,73.0,11.1,12.5,23.5,-1.8,62.0,11.1,0.0,0.2,0.2,1.1,83.1,12.6,10.9,156.6,-1.149,-1.221,,-0.330,,,,-1.266,-1.291,-1.632,,-1.901,1.631,-6.994
Josh Archibald,EDM,LW/RW,RW,LW/RW,RW,29,75.8,12.2,9.9,22.0,-1.0,27.8,12.2,0.0,0.0,0.0,2.0,85.2,13.2,49.0,224.8,-1.006,-1.438,,-0.224,,,,-1.290,-0.706,-1.589,,1.147,3.059,-1.935
Sam Steel,ANA,C,C,C,C,23,70.1,9.3,13.8,23.1,-8.1,20.0,8.6,0.8,3.5,4.2,0.8,82.9,14.6,28.9,48.3,-1.382,-1.112,,-1.171,,,,-0.793,-1.486,-1.636,,-0.461,-0.637,-8.092
Michael McLeod,NJD,C,C,C,C,23,74.1,10.1,14.7,24.8,-8.2,50.3,10.1,0.0,0.0,0.0,2.0,89.9,13.8,29.4,132.5,-1.278,-1.037,,-1.184,,,,-1.290,-0.706,-1.492,,-0.421,1.126,-5.690
David Kampf,TOR,C/RW,C,C/RW,RW,27,77.3,5.7,13.5,19.2,-2.6,19.1,5.7,0.0,0.0,0.0,0.8,89.0,13.9,26.8,57.2,-1.848,-1.137,,-0.437,,,,-1.290,-1.486,-1.510,,-0.629,-0.450,-8.569
Isac Lundestrom,ANA,C/LW,C,C/LW,C,22,71.0,9.6,12.2,21.8,-9.7,19.4,9.6,0.0,0.0,0.0,0.5,88.5,14.7,32.8,31.6,-1.343,-1.246,,-1.384,,,,-1.290,-1.681,-1.521,,-0.149,-0.986,-8.907
Jansen Harkins,WPG,LW,C,LW,C,24,75.5,7.5,12.7,20.2,-4.3,16.3,7.5,0.0,0.0,0.0,0.5,80.7,12.3,23.1,45.8,-1.615,-1.204,,-0.664,,,,-1.290,-1.681,-1.682,,-0.925,-0.689,-9.417
Johan Larsson,ARI,C/LW,C,C/LW,LW,29,77.1,8.4,11.5,19.9,-9.0,37.1,8.4,0.0,0.0,0.0,0.8,83.9,14.6,45.0,110.1,-1.498,-1.304,,-1.291,,,,-1.290,-1.486,-1.615,,0.827,0.657,-6.355
,,,,,,,,,,,,,,,,,,,,,,,,,,,,,,,,,,,
,,,,,,,,20.0,27.1,47.1,0.7,31.2,15.6,4.4,6.5,10.9,3.1,162.2,16.6,34.7,78.7,,,,,,,,,,,,,,
,,,,,,,,7.7,12.0,18.3,7.5,16.3,5.2,3.5,5.7,8.4,1.5,48.4,2.1,12.5,47.8,,,,,,,,,,,,,,